"Name","Team","G","PA","AB","H","2B","3B","HR","R","RBI","BB","SO","HBP","SB","CS","AVG","OBP","SLG","OPS","wOBA","Fld","BsR","WAR","ADP","playerid"
"Mike Trout","LAA","157","680","542","153","29","5","45","115","125","119","150","13","14","3",".282",".419",".603","1.022",".414","-2.0","1.1","7.8","5.9","10155"
"Mookie Betts","LAD","157","679","591","169","37","3","33","121","102","78","104","4","25","4",".286",".370",".526",".896",".371","16.0","2.9","6.2","4.0","13611"
"Alex Bregman","HOU","154","664","559","157","39","3","30","99","97","91","88","9","8","2",".281",".387",".522",".909",".381","0.0","0.3","6.1","45.1","17678"
"Jose Ramirez","CLE","154","664","577","165","45","4","34","105","111","77","98","5","28","8",".286",".372",".555",".927",".382","2.0","1.8","6.0","11.0","13510"
"Ronald Acuna Jr.","ATL","156","672","570","161","30","2","43","134","115","91","171","10","33","7",".282",".390",".568",".958",".397","4.0","3.2","5.9","1.7","18401"
"Juan Soto","WSN","154","665","549","167","35","4","38","127","147","109","111","3","17","3",".304",".420",".590","1.010",".411","-2.0","1.7","5.9","3.5","20123"
"Fernando Tatis Jr.","SDP","154","665","585","166","28","8","36","113","119","66","173","10","30","10",".284",".364",".544",".907",".375","-3.0","1.3","5.6","2.3","19709"
"Anthony Rendon","LAA","154","665","565","159","37","2","29","90","105","82","99","11","3","1",".281",".379",".508",".887",".370","4.0","-0.2","5.6","39.6","12861"
"Matt Chapman","OAK","151","651","581","143","36","5","37","97","100","59","184","8","2","2",".246",".323",".516",".839",".347","14.0","-0.8","5.5","116.4","16505"
"Cody Bellinger","LAD","151","651","564","154","29","5","38","99","124","82","138","2","17","3",".273",".366",".544",".910",".371","2.0","1.8","5.4","16.7","15998"
"Corey Seager","LAD","149","644","579","166","37","2","31","98","123","55","121","5","5","0",".287",".351",".518",".869",".361","3.0","0.7","5.3","34.3","13624"
"Carlos Correa","HOU","151","652","572","159","29","1","31","86","117","68","145","4","3","0",".278",".354",".495",".849",".353","2.0","0.2","5.2","121.6","14162"
"Aaron Judge","NYY","134","581","489","125","20","1","38","95","102","84","180","5","3","3",".256",".368",".534",".902",".375","11.0","-1.0","4.9","53.5","15640"
"Francisco Lindor","NYM","157","679","609","163","37","2","31","98","85","58","103","6","19","6",".268",".335",".488",".823",".341","7.0","0.9","4.9","18.1","12916"
"Bo Bichette","TOR","149","645","596","170","39","7","27","91","112","44","111","1","32","9",".285",".333",".510",".843",".349","2.0","2.2","4.8","24.5","19612"
"Trea Turner","WSN","152","658","600","178","34","8","26","109","85","52","112","4","38","8",".297",".356",".510",".866",".362","-2.0","3.8","4.7","7.1","16252"
"Gleyber Torres","NYY","147","637","559","159","27","1","35","91","114","68","132","5","9","2",".284",".364",".524",".888",".370","-8.0","0.6","4.7","65.8","16997"
"DJ LeMahieu","NYY","151","650","594","182","28","3","20","100","81","47","88","3","7","3",".306",".357",".465",".822",".348","7.0","-0.3","4.5","27.7","9874"
"George Springer","TOR","146","630","554","154","26","2","32","106","105","63","120","9","5","5",".278",".359",".505",".864",".363","0.0","-1.5","4.4","48.1","12856"
"Freddie Freeman","ATL","157","679","579","172","42","2","30","106","121","89","122","8","7","3",".297",".396",".532",".928",".384","3.0","-0.3","4.3","12.7","5361"
"Christian Yelich","MIL","156","672","570","155","32","3","35","105","96","92","163","7","20","4",".272",".378",".523",".901",".374","0.0","1.9","4.2","10.7","11477"
"Xander Bogaerts","BOS","149","643","576","166","38","2","27","96","95","60","117","3","13","1",".288",".356",".502",".858",".358","-5.0","1.8","4.2","33.9","12161"
"Jose Altuve","HOU","154","665","599","173","31","2","26","101","80","57","101","6","15","8",".289",".355",".477",".833",".352","-3.0","-0.9","4.1","95.7","5417"
"Ozzie Albies","ATL","151","651","602","172","38","6","28","104","90","42","114","4","18","3",".286",".335",".508",".843",".350","5.0","2.0","4.1","34.2","16556"
"Kyle Tucker","HOU","151","651","589","163","33","7","29","98","109","53","134","4","25","4",".277",".338",".504",".842",".349","5.0","2.9","4.1","32.1","18345"
"Byron Buxton","MIN","136","588","548","141","30","4","31","84","90","30","157","4","22","4",".257",".299",".496",".795",".329","14.0","2.4","4.1","110.4","14161"
"Yasmani Grandal","CHW","138","553","463","105","20","1","24","66","78","83","150","3","2","1",".227",".345",".430",".775",".332","7.0","-0.4","4.1","131.2","11368"
"Bryce Harper","PHI","154","664","539","140","31","2","36","106","123","114","163","5","15","4",".260",".391",".525",".916",".377","-2.0","0.9","4.1","18.0","11579"
"Trevor Story","COL","152","658","594","162","35","6","33","97","87","58","178","4","27","7",".273",".340",".519",".859",".356","6.0","2.0","4.0","12.2","12564"
"Marcus Semien","TOR","149","644","578","153","30","4","27","93","94","62","113","1","11","4",".265",".335",".471",".806",".339","2.0","0.1","4.0","126.6","12533"
"Manny Machado","SDP","156","672","602","163","30","2","34","87","120","62","114","2","11","5",".271",".338",".497",".834",".345","3.0","-0.3","3.9","21.0","11493"
"J.T. Realmuto","PHI","136","545","494","134","28","3","25","80","93","38","119","9","8","2",".271",".332",".492",".824",".343","4.0","0.5","3.9","45.6","11739"
"Marcell Ozuna","ATL","149","643","578","166","29","2","37","88","136","62","141","1","5","1",".287",".356",".536",".892",".370","3.0","0.2","3.9","44.2","10324"
"Ramon Laureano","OAK","149","644","568","141","31","2","30","89","90","53","180","16","14","4",".248",".326",".468",".794",".334","4.0","0.7","3.8","144.6","17128"
"Josh Donaldson","MIN","136","588","489","119","23","0","28","76","78","90","137","6","3","1",".243",".366",".462",".828",".352","2.0","-0.2","3.8","193.6","5038"
"Luis Robert","CHW","149","645","594","157","27","7","30","88","99","36","185","9","27","9",".264",".313",".485",".798",".332","6.0","1.2","3.8","35.1","20043"
"Nolan Arenado","STL","152","658","586","153","29","3","29","84","89","61","98","3","2","2",".261",".330",".469",".799",".329","11.0","-0.8","3.7","40.3","9777"
"Matt Olson","OAK","146","629","545","129","23","1","41","86","116","75","185","7","2","0",".237",".335",".508",".844",".349","8.0","0.1","3.6","91.5","14344"
"Michael Conforto","NYM","151","651","555","147","28","1","29","92","100","81","163","12","7","4",".265",".369",".476",".844",".357","2.0","-0.7","3.5","74.3","16376"
"Yordan Alvarez","HOU","131","567","496","140","32","0","35","83","104","64","150","3","5","1",".282",".365",".558",".924",".378","0.0","0.3","3.5","76.9","19556"
"Jeff McNeil","NYM","152","657","591","176","37","3","18","80","79","46","80","16","7","6",".298",".363",".462",".825",".350","-4.0","-1.6","3.4","92.3","15362"
"Ketel Marte","ARI","151","651","595","171","36","9","19","81","71","46","88","6","7","2",".287",".343",".474",".817",".342","3.0","0.2","3.3","83.7","13613"
"Eugenio Suarez","CIN","156","673","580","143","26","2","38","84","119","78","183","9","4","2",".247",".342",".495",".837",".348","0.0","-0.4","3.3","68.7","12552"
"Yoan Moncada","CHW","147","637","570","149","27","5","25","85","85","60","191","4","9","4",".261",".334",".458",".792",".334","2.0","-0.3","3.3","88.4","17232"
"Cavan Biggio","TOR","141","609","514","118","26","3","22","84","75","85","169","5","14","3",".230",".342",".420",".762",".327","5.0","1.2","3.2","68.0","19252"
"Luke Voit","NYY","141","609","536","145","25","1","37","92","116","62","153","10","0","0",".271",".356",".528",".884",".369","-2.0","-0.3","3.2","61.5","14811"
"Salvador Perez","KCR","131","526","499","132","27","0","28","57","88","14","115","8","1","0",".265",".293",".487",".780",".322","6.0","0.0","3.2","84.2","7304"
"Michael Brantley","HOU","139","602","546","163","34","2","17","79","76","48","72","4","8","2",".299",".357",".462",".819",".346","2.0","0.4","3.2","149.4","4106"
"Max Kepler","MIN","146","631","552","137","33","2","30","91","83","69","113","7","6","3",".248",".338",".478",".816",".343","7.0","-0.4","3.1","189.3","12144"
"Rafael Devers","BOS","152","658","608","174","43","3","31","99","109","44","142","4","5","4",".286",".337",".520",".857",".354","-7.0","-1.0","3.1","41.0","17350"
"Brandon Lowe","TBR","131","566","506","123","27","3","28","74","89","51","168","6","6","2",".243",".318",".474",".792",".332","2.0","0.1","3.1","71.2","18882"
"Paul DeJong","STL","149","644","575","141","30","1","25","82","90","52","166","11","4","2",".245",".317",".431",".748",".317","7.0","-0.4","3.1","234.5","18015"
"Andrelton Simmons","MIN","136","587","546","152","31","2","8","69","56","35","58","3","11","2",".278",".324",".386",".710",".305","13.0","1.0","3.1","492.6","10847"
"Giovanny Urshela","NYY","143","616","565","160","34","0","22","82","96","39","105","5","2","0",".283",".331",".460",".791",".332","2.0","0.1","3.0","164.3","10681"
"Whit Merrifield","KCR","154","665","616","176","35","4","16","87","66","38","103","6","29","9",".286",".331",".433",".764",".323","5.0","1.5","3.0","42.0","11281"
"Aaron Hicks","NYY","134","581","482","115","24","4","20","85","77","91","125","3","9","4",".239",".360",".429",".789",".339","0.0","-0.3","3.0","254.3","5297"
"Jeimer Candelario","DET","139","602","536","135","31","4","21","75","75","58","148","6","3","1",".252",".331",".442",".773",".328","6.0","-0.1","3.0","283.4","13621"
"Brian Anderson","MIA","154","665","587","149","31","3","25","77","90","58","166","17","3","2",".254",".337",".445",".781",".332","0.0","-0.6","3.0","257.1","18289"
"Will Smith","LAD","99","389","336","81","18","1","21","55","75","43","98","6","2","0",".241",".334",".488",".822",".343","3.0","0.2","3.0","97.9","19197"
"Javier Baez","CHC","154","665","627","167","34","4","32","93","100","30","187","4","13","5",".266",".303",".486",".789",".325","2.0","0.1","3.0","72.4","12979"
"Tim Anderson","CHW","154","664","635","185","34","3","25","100","76","22","151","4","20","6",".291",".318",".472",".791",".331","-8.0","1.1","2.9","45.0","15172"
"Justin Turner","LAD","126","547","475","132","28","1","18","73","71","51","87","16","2","0",".278",".364",".455",".819",".348","-3.0","0.1","2.9","200.2","5235"
"Nelson Cruz","MIN","133","574","504","139","22","0","39","79","104","58","148","10","0","0",".276",".361",".552",".912",".373","0.0","-0.3","2.9","91.3","2434"
"Mitch Haniger","SEA","136","588","518","131","30","3","25","81","78","55","146","11","7","3",".253",".335",".467",".802",".338","5.0","-0.2","2.9","249.4","14274"
"Ke'Bryan Hayes","PIT","134","581","516","135","34","7","14","72","57","54","119","5","9","2",".262",".334",".436",".771",".325","8.0","0.6","2.9","141.2","18577"
"Eloy Jimenez","CHW","149","643","601","172","34","2","39","82","120","36","154","3","0","0",".286",".328",".544",".872",".360","-8.0","-0.3","2.8","31.3","17484"
"Jose Iglesias","LAA","130","560","531","157","39","2","9","61","70","18","68","7","7","4",".296",".326",".427",".754",".319","5.0","-0.6","2.8","519.4","10231"
"Anthony Rizzo","CHC","157","679","570","149","28","2","28","84","97","78","102","25","8","3",".261",".371",".465",".836",".353","4.0","-0.1","2.8","106.5","3473"
"Mike Yastrzemski","SFG","149","644","571","151","33","6","26","89","91","61","162","7","6","5",".264",".341",".480",".820",".343","5.0","-1.3","2.8","139.8","14854"
"Kris Bryant","CHC","146","630","544","137","31","3","25","91","71","66","145","16","3","2",".252",".348",".458",".805",".341","-2.0","-0.6","2.8","123.6","15429"
"Giancarlo Stanton","NYY","136","588","504","126","26","1","42","88","124","71","192","7","3","2",".250",".347",".556",".902",".368","0.0","-0.6","2.7","114.8","4949"
"Pete Alonso","NYM","146","629","548","135","25","1","42","83","113","62","168","16","2","2",".246",".339",".526",".864",".356","0.0","-0.8","2.7","56.2","19251"
"Miguel Sano","MIN","149","644","564","131","28","3","45","102","110","72","248","5","0","0",".232",".323",".532",".855",".351","2.0","-0.3","2.7","198.5","12164"
"Randy Arozarena","TBR","144","623","552","145","28","4","27","87","78","47","150","19","21","12",".263",".339",".475",".814",".341","-9.0","-1.3","2.7","58.8","19290"
"Luis Arraez","MIN","128","553","501","157","29","2","5","71","41","47","42","1","5","3",".313",".371",".409",".780",".337","0.0","-0.7","2.7","465.0","18568"
"Vladimir Guerrero Jr.","TOR","144","623","564","155","34","5","27","80","102","52","98","5","2","1",".275",".340",".496",".837",".350","2.0","-0.4","2.6","52.2","19611"
"Max Muncy","LAD","131","566","468","113","19","1","31","87","105","89","147","6","4","1",".241",".367",".485",".853",".359","0.0","0.0","2.6","97.7","13301"
"Didi Gregorius","PHI","138","595","547","150","26","3","25","83","104","34","78","6","6","3",".274",".320",".470",".790",".327","1.0","-0.4","2.6","161.4","6012"
"J.P. Crawford","SEA","151","650","569","139","24","7","12","78","67","69","137","7","10","5",".244",".332",".374",".706",".308","2.0","-0.6","2.6","501.6","15491"
"Adalberto Mondesi","KCR","147","637","594","151","29","11","18","82","76","29","186","2","55","13",".254",".289",".431",".720",".301","5.0","5.1","2.5","24.3","13769"
"Trent Grisham","SDP","143","615","523","126","22","7","22","84","75","81","146","5","16","4",".241",".346",".436",".782",".333","6.0","1.1","2.5","70.0","18564"
"Nick Ahmed","ARI","149","644","587","150","34","5","17","79","84","49","130","2","8","2",".256",".312",".417",".729",".308","9.0","0.4","2.5","481.2","12147"
"Mark Canha","OAK","141","609","512","122","29","4","24","83","82","72","147","19","5","1",".238",".350",".451",".801",".340","-2.0","0.2","2.5","263.0","11445"
"Miguel Rojas","MIA","131","566","514","139","25","1","9","59","57","40","69","8","10","5",".270",".331",".375",".706",".303","9.0","-0.5","2.5","501.2","7802"
"Rhys Hoskins","PHI","141","609","503","121","29","2","31","90","108","92","152","10","4","2",".241",".366",".491",".857",".361","-1.0","-0.4","2.4","162.2","16472"
"Kolten Wong","MIL","130","560","489","131","25","4","11","65","57","48","87","14","15","5",".268",".348",".403",".751",".322","7.0","0.5","2.4","251.4","12532"
"Paul Goldschmidt","STL","151","651","562","147","28","2","25","86","78","83","157","4","5","2",".262",".359",".452",".811",".345","3.0","-0.3","2.4","92.7","9218"
"Ian Happ","CHC","139","601","518","130","24","2","29","81","82","76","178","4","8","5",".251",".350",".473",".823",".346","-7.0","-0.9","2.4","162.8","17919"
"Alec Bohm","PHI","134","581","522","146","27","3","18","73","79","51","112","3","5","3",".280",".344",".446",".791",".335","0.0","-0.6","2.4","999.0","21618"
"Kevin Kiermaier","TBR","122","524","480","113","22","8","15","63","61","36","129","6","17","6",".235",".296",".408",".705",".298","12.0","0.6","2.4","537.4","11038"
"Sean Murphy","OAK","104","410","368","89","20","1","16","50","49","31","95","5","1","0",".242",".306",".432",".738",".311","4.0","0.0","2.3","182.7","19352"
"Ty France","SEA","123","532","478","128","24","3","17","65","70","32","112","18","1","2",".268",".335",".437",".772",".328","-1.0","-1.0","2.3","315.3","17982"
"Brandon Nimmo","NYM","110","476","392","96","20","5","15","64","47","71","118","11","4","3",".245",".374",".436",".810",".349","-5.0","-0.8","2.3","267.7","12927"
"Kyle Seager","SEA","146","629","555","137","30","1","23","74","96","58","112","9","6","2",".247",".324",".429",".753",".317","-1.0","0.0","2.3","295.1","9785"
"Christian Vazquez","BOS","110","437","404","108","21","1","14","51","48","28","84","2","7","4",".267",".317",".428",".745",".315","6.0","-0.6","2.3","151.6","9774"
"Alex Verdugo","BOS","136","587","533","155","35","2","15","76","56","47","96","3","9","2",".291",".349",".448",".798",".338","4.0","0.6","2.3","129.8","17027"
"Dansby Swanson","ATL","149","643","575","145","31","3","20","87","87","58","166","4","12","3",".252",".323",".421",".744",".313","3.0","0.8","2.2","108.8","18314"
"Victor Robles","WSN","151","651","577","147","30","6","16","83","69","39","151","25","26","8",".255",".327",".411",".738",".315","6.0","1.4","2.2","140.6","18363"
"Jorge Polanco","MIN","125","539","490","137","27","4","14","67","61","39","87","3","8","4",".280",".334",".437",".771",".326","-3.0","-0.4","2.2","249.2","13152"
"Harrison Bader","STL","131","566","497","113","22","4","19","79","59","49","180","15","15","5",".227",".313",".402",".716",".305","10.0","0.5","2.2","516.6","18030"
"David Fletcher","LAA","147","637","586","164","32","4","8","76","50","42","70","3","9","4",".280",".330",".389",".719",".309","5.0","-0.3","2.2","235.7","17992"
"Chris Taylor","LAD","125","539","481","123","29","5","18","72","76","49","149","5","10","4",".256",".329",".449",".778",".328","-5.0","0.0","2.1","231.9","13757"
"Willson Contreras","CHC","113","450","388","97","20","2","16","57","61","44","107","15","3","4",".250",".347",".436",".782",".334","-3.0","-1.4","2.1","123.6","11609"
"Anthony Santander","BAL","147","637","597","159","39","3","29","78","102","31","115","6","3","4",".266",".308",".487",".795",".329","4.0","-1.4","2.1","166.7","14551"
"Willi Castro","DET","130","561","515","143","25","6","15","68","67","29","130","7","9","4",".278",".322",".437",".759",".320","-2.0","-0.2","2.1","246.9","17338"
"Lorenzo Cain","MIL","125","538","485","134","22","2","8","68","37","46","89","5","15","5",".276",".344",".379",".723",".313","8.0","0.5","2.1","276.7","9077"
"Gavin Lux","LAD","107","462","421","105","19","6","20","63","74","38","110","1","7","4",".249",".312",".466",".777",".324","0.0","-0.6","2.0","229.1","19955"
"Kyle Schwarber","WSN","121","526","448","106","20","2","32","73","85","71","149","5","2","2",".237",".346",".504",".850",".352","0.0","-0.7","2.0","198.5","16478"
"Joey Gallo","TEX","149","644","544","112","25","3","42","94","103","91","247","9","8","3",".206",".329",".494",".824",".343","1.0","0.0","2.0","154.2","14128"
"Yandy Diaz","TBR","109","469","407","112","19","1","8","58","40","57","78","2","2","2",".275",".365",".386",".750",".327","-1.0","-0.8","2.0","530.8","16578"
"Nick Madrigal","CHW","141","609","563","163","24","2","5","60","45","29","32","11","21","12",".290",".334",".366",".700",".304","7.0","-1.4","2.0","191.1","20521"
"Wil Myers","SDP","141","609","546","136","30","4","30","77","100","57","178","4","14","5",".249",".323",".484",".807",".337","-1.0","0.3","1.9","135.6","10047"
"Jose Abreu","CHW","154","665","610","167","36","2","33","84","126","37","151","11","1","1",".274",".323",".502",".825",".340","-2.0","-0.5","1.9","40.9","15676"
"Tommy Pham","SDP","131","566","492","127","22","2","17","76","64","67","123","5","23","5",".258",".352",".415",".766",".330","2.0","2.1","1.9","139.1","2967"
"Lourdes Gurriel Jr.","TOR","138","595","555","151","32","1","29","75","93","29","136","5","7","5",".272",".311",".490",".801",".332","1.0","-1.0","1.9","89.1","19238"
"Danny Jansen","TOR","99","390","338","78","16","1","16","49","56","39","74","7","1","0",".231",".321",".426",".747",".318","0.0","0.0","1.9","319.1","16535"
"Willy Adames","TBR","131","568","509","123","24","3","17","66","57","52","165","2","7","4",".242",".313",".401",".714",".304","0.0","-0.6","1.9","436.0","15986"
"Jonathan Schoop","DET","128","553","517","139","25","2","25","73","77","23","117","9","1","0",".269",".309",".470",".779",".325","-2.0","-0.1","1.9","375.8","11265"
"Starling Marte","MIA","146","630","582","158","29","4","16","85","68","27","112","17","27","9",".271",".321",".418",".739",".314","-2.0","1.2","1.9","49.4","9241"
"Manuel Margot","TBR","105","456","416","107","21","4","12","54","48","33","92","2","19","6",".257",".313",".413",".726",".308","4.0","1.0","1.9","259.7","14712"
"Austin Meadows","TBR","117","505","454","114","24","4","21","63","66","42","126","5","10","4",".251",".319",".460",".780",".326","3.0","0.0","1.9","89.0","15672"
"Luis Urias","MIL","123","533","468","115","23","5","11","62","59","52","125","10","6","4",".246",".333",".387",".719",".312","4.0","-0.8","1.8","491.0","16622"
"Jake Cronenworth","SDP","110","476","427","112","23","5","8","58","46","41","83","5","10","4",".262",".332",".396",".728",".313","2.0","0.0","1.8","210.9","18036"
"Trey Mancini","BAL","131","567","518","143","27","3","26","69","83","39","128","6","1","0",".276",".332",".490",".822",".343","-5.0","-0.1","1.8","160.9","15149"
"Jorge Soler","KCR","143","616","533","131","27","0","35","74","94","71","185","8","2","0",".246",".341",".493",".834",".349","0.0","0.1","1.8","143.9","14221"
"Mike Moustakas","CIN","146","630","566","145","31","0","33","71","108","52","119","7","4","0",".256",".324",".486",".810",".335","-7.0","0.5","1.8","120.5","4892"
"Dominic Smith","NYM","130","559","511","139","34","2","22","70","83","39","132","6","1","1",".272",".329",".476",".805",".338","-2.0","-0.5","1.8","125.3","15653"
"Buster Posey","SFG","118","474","429","115","22","1","6","45","47","39","68","4","2","1",".268",".333",".366",".699",".302","3.0","-0.3","1.8","237.5","9166"
"Jason Heyward","CHC","125","538","470","121","19","4","15","67","64","61","96","4","5","2",".257",".346",".411",".756",".325","7.0","-0.2","1.7","515.7","4940"
"Tucker Barnhart","CIN","104","410","361","85","16","1","11","34","45","43","90","2","1","1",".235",".319",".377",".695",".298","9.0","-0.4","1.7","532.1","10200"
"Teoscar Hernandez","TOR","147","638","578","143","28","4","41","90","106","52","206","4","13","6",".247",".312",".522",".834",".343","0.0","-0.3","1.7","84.3","13066"
"Austin Hays","BAL","115","497","466","124","22","2","19","64","63","23","103","5","8","7",".266",".306",".444",".750",".315","3.0","-1.7","1.7","251.6","19363"
"Travis d'Arnaud","ATL","113","448","406","107","19","0","17","49","84","35","103","3","1","0",".264",".324",".436",".760",".321","-2.0","0.0","1.7","140.1","7739"
"A.J. Pollock","LAD","128","553","507","130","26","3","29","76","90","34","123","7","10","4",".256",".309",".491",".800",".330","1.0","0.0","1.7","193.5","9256"
"Wander Franco","TBR","102","441","402","106","19","5","12","51","46","33","59","1","8","9",".264",".317",".425",".743",".312","1.0","-2.5","1.7","999.0","sa3007033"
"C.J. Cron","COL","125","538","483","133","27","1","33","70","98","40","126","12","1","1",".275",".344",".540",".884",".365","2.0","-0.5","1.7","211.3","12546"
"Carlos Santana","KCR","146","631","527","132","25","1","20","81","74","96","97","4","2","1",".250",".368",".416",".783",".336","1.0","-0.4","1.7","288.0","2396"
"Eddie Rosario","CLE","128","553","518","145","27","2","27","79","90","29","84","0","7","3",".280",".315",".496",".811",".334","0.0","-0.2","1.7","106.6","12155"
"Joc Pederson","CHC","130","561","490","118","25","3","27","80","75","56","125","12","3","3",".241",".332",".469",".801",".336","1.0","-1.0","1.6","266.9","11899"
"Brandon Belt","SFG","126","546","467","114","27","2","17","65","68","75","126","2","2","1",".244",".350",".420",".770",".330","6.0","-0.3","1.6","465.4","10264"
"Dylan Carlson","STL","136","589","526","129","30","8","17","71","71","51","147","6","12","7",".245",".316",".430",".745",".314","0.0","-0.9","1.6","999.0","20126"
"Myles Straw","HOU","125","538","485","123","16","5","2","62","32","48","106","1","36","8",".254",".321",".320",".640",".283","7.0","3.4","1.5","286.5","17620"
"Carson Kelly","ARI","96","378","338","82","17","0","14","42","49","36","79","3","0","0",".243",".320",".417",".737",".312","2.0","-0.2","1.5","263.7","13620"
"Ryan Mountcastle","BAL","136","588","550","158","27","2","24","68","92","29","132","3","1","1",".287",".323",".475",".798",".333","1.0","-0.5","1.5","153.5","18373"
"Jean Segura","PHI","138","595","548","152","27","4","13","78","63","37","90","5","13","6",".277",".327",".412",".740",".314","1.0","-0.3","1.5","187.3","5933"
"Adam Eaton","CHW","123","532","468","122","22","4","12","74","47","45","92","10","11","2",".261",".338",".402",".739",".319","2.0","1.0","1.5","411.8","11205"
"Jacob Stallings","PIT","94","370","333","85","19","0","7","37","37","28","83","4","0","1",".255",".318",".375",".693",".297","6.0","-0.6","1.5","479.1","13723"
"JaCoby Jones","DET","128","554","502","118","29","4","18","70","55","36","165","12","12","5",".235",".300",".416",".717",".303","4.0","0.0","1.5","512.3","14818"
"Eduardo Escobar","ARI","141","609","556","141","29","7","22","72","83","42","119","4","3","2",".254",".307",".450",".757",".313","2.0","-0.5","1.5","304.0","6153"
"Keston Hiura","MIL","141","609","547","135","27","3","28","79","86","42","184","17","12","6",".247",".319",".461",".779",".326","-6.0","-0.5","1.5","70.3","20003"
"Adam Frazier","PIT","122","525","476","127","26","4","11","62","50","38","72","6","5","6",".267",".328",".408",".735",".314","3.0","-1.9","1.4","528.8","15223"
"Jurickson Profar","SDP","104","449","398","101","21","2","14","59","58","39","67","8","9","1",".254",".330",".422",".752",".321","-2.0","1.1","1.4","294.8","10815"
"Clint Frazier","NYY","128","554","487","118","27","4","25","72","82","55","166","7","7","2",".242",".325",".468",".793",".332","-4.0","0.3","1.4","177.2","15983"
"Cesar Hernandez","CLE","131","567","507","133","26","3","10","69","46","53","111","4","7","3",".262",".336",".385",".720",".311","0.0","-0.2","1.4","396.1","10556"
"Andrew Benintendi","KCR","131","567","489","124","27","4","13","70","55","65","121","5","14","5",".254",".344",".405",".749",".322","2.0","0.3","1.4","216.9","17901"
"Carter Kieboom","WSN","115","498","428","107","18","2","11","65","57","56","113","10","3","3",".250",".347",".379",".726",".317","-1.0","-1.0","1.4","471.7","19958"
"Tommy Edman","STL","118","511","471","122","20","5","10","62","47","29","98","6","12","4",".259",".308",".386",".695",".297","6.0","0.4","1.4","132.1","19470"
"Hunter Dozier","KCR","144","622","553","135","29","6","24","78","72","65","166","2","7","2",".244",".325",".448",".773",".326","-2.0","0.2","1.3","237.3","15117"
"Max Stassi","LAA","86","340","298","68","12","0","13","36","45","32","87","6","0","1",".228",".312",".399",".711",".305","1.0","-0.6","1.3","438.6","10059"
"Jesse Winker","CIN","117","504","428","114","22","0","18","63","59","65","101","9","2","2",".266",".373",".444",".817",".351","-5.0","-0.8","1.3","211.8","13590"
"Jackie Bradley Jr.","MIL","128","553","488","114","23","2","20","71","57","52","145","9","11","4",".234",".317",".412",".729",".310","2.0","0.2","1.3","412.3","12984"
"Rio Ruiz","BAL","120","518","469","111","24","2","17","58","70","44","117","1","2","3",".237",".302",".405",".707",".299","5.0","-1.1","1.3","561.2","14103"
"Andres Gimenez","CLE","123","531","483","120","21","7","10","65","44","25","120","17","29","13",".248",".307",".383",".690",".296","3.0","-0.1","1.3","164.7","19950"
"Starlin Castro","WSN","118","511","481","137","25","3","17","60","65","24","90","2","3","2",".285",".319",".455",".774",".324","-2.0","-0.5","1.3","419.6","4579"
"Rowdy Tellez","TOR","100","433","391","102","23","0","24","59","73","34","100","4","2","3",".261",".323",".504",".827",".341","0.0","-1.1","1.3","300.9","15679"
"Roberto Perez","CLE","96","378","330","67","10","1","11","30","43","37","117","4","0","0",".203",".290",".339",".629",".275","10.0","-0.2","1.3","525.2","2900"
"J.D. Martinez","BOS","149","644","571","151","33","2","30","83","95","64","159","3","3","0",".264",".339",".487",".825",".341","0.0","0.3","1.3","92.9","6184"
"Jon Berti","MIA","91","392","338","80","12","2","6","51","33","42","93","8","24","6",".237",".333",".337",".671",".298","4.0","1.9","1.3","296.0","12037"
"Shohei Ohtani","LAA","115","496","443","113","23","2","23","68","85","49","143","2","15","3",".255",".331",".472",".802",".337","0.0","1.4","1.2","181.2","19755"
"James McCann","NYM","110","435","398","95","16","1","14","47","51","26","124","8","2","2",".239",".297",".389",".686",".293","1.0","-0.7","1.2","179.5","12859"
"Mitch Garver","MIN","79","316","279","65","13","1","15","43","46","32","93","3","0","0",".233",".316",".448",".764",".323","-4.0","-0.2","1.2","201.7","15161"
"Franchy Cordero","BOS","89","384","352","84","20","6","15","53","60","29","117","1","10","2",".239",".298",".457",".755",".315","1.0","1.0","1.2","464.5","14567"
"Kole Calhoun","ARI","110","475","415","99","20","2","22","65","66","50","114","6","4","2",".239",".326",".455",".782",".328","3.0","-0.3","1.2","334.4","11200"
"David Peralta","ARI","130","560","516","142","27","3","16","61","71","38","114","4","2","1",".275",".329",".432",".761",".322","4.0","-0.3","1.2","283.2","2136"
"Amed Rosario","CLE","96","413","390","111","18","5","9","52","41","18","81","2","11","5",".285",".318",".426",".744",".314","-2.0","-0.2","1.2","379.2","15518"
"Martin Maldonado","HOU","94","371","327","69","14","0","12","41","40","31","107","8","1","1",".211",".294",".364",".658",".285","3.0","-0.4","1.2","534.2","6887"
"Austin Nola","SDP","89","354","311","77","16","2","8","40","44","34","71","5","2","1",".248",".329",".389",".718",".308","-1.0","-0.2","1.2","176.1","15941"
"Yan Gomes","WSN","81","320","291","74","15","1","11","36","41","21","73","5","2","0",".254",".313",".426",".739",".310","1.0","0.2","1.2","309.3","9627"
"Brett Gardner","NYY","65","281","242","58","11","3","10","40","33","33","63","3","6","3",".240",".336",".434",".770",".328","0.0","-0.3","1.2","569.5","9927"
"Alejandro Kirk","TOR","55","228","205","53","14","1","6","28","28","20","33","2","1","0",".259",".329",".424",".753",".320","0.0","0.1","1.2","311.4","22581"
"Gary Sanchez","NYY","97","384","339","72","12","0","24","51","75","36","121","7","0","0",".212",".299",".460",".760",".318","-7.0","-0.2","1.2","155.0","11442"
"Ryan Jeffers","MIN","81","320","293","70","11","0","11","33","32","22","82","5","0","0",".239",".303",".389",".692",".298","2.0","-0.2","1.1","426.7","24618"
"Franmil Reyes","CLE","152","658","589","151","26","0","37","85","109","60","203","2","0","1",".256",".324",".489",".813",".337","0.0","-0.8","1.1","156.9","14566"
"Hunter Renfroe","BOS","109","469","426","98","25","1","26","57","82","35","132","4","5","0",".230",".292",".477",".769",".318","4.0","0.8","1.1","449.1","15464"
"Andrew McCutchen","PHI","134","581","506","125","23","1","23","77","83","67","129","5","8","3",".247",".339",".433",".772",".329","-2.0","0.0","1.1","206.8","9847"
"Joey Wendle","TBR","89","385","354","91","20","3","6","44","36","19","73","8","11","3",".257",".306",".381",".688",".292","4.0","0.7","1.1","373.9","13853"
"Alex Avila","WSN","68","268","221","44","8","0","9","24","27","44","98","2","0","0",".199",".336",".357",".693",".303","4.0","-0.2","1.1","598.2","7476"
"Jared Walsh","LAA","109","469","426","104","23","3","25","62","80","32","135","6","0","0",".244",".303",".488",".791",".327","1.0","-0.2","1.1","228.8","18607"
"Chad Pinder","OAK","86","371","338","85","18","1","15","45","51","25","93","5","1","1",".251",".311",".444",".755",".317","-6.0","-0.4","1.1","571.4","15191"
"Kyle Lewis","SEA","149","644","576","141","22","0","21","75","73","61","205","2","7","2",".245",".317",".392",".709",".305","2.0","0.2","1.1","145.7","19508"
"Randal Grichuk","TOR","94","406","377","94","21","2","22","55","65","24","105","3","2","1",".249",".298",".491",".789",".326","-6.0","-0.2","1.1","262.5","10243"
"Tim Locastro","ARI","73","316","276","73","17","3","5","44","26","19","58","18","15","2",".264",".350",".402",".752",".327","-2.0","1.9","1.1","543.9","15124"
"Travis Shaw","MIL","79","343","298","68","13","0","16","40","41","41","93","2","2","1",".228",".324",".433",".757",".320","1.0","-0.2","1.1","557.3","11982"
"Elvis Andrus","OAK","139","601","560","140","30","3","11","69","55","33","88","3","16","8",".250",".293",".373",".666",".284","0.0","-0.6","1.0","370.2","8709"
"Christian Walker","ARI","133","574","514","133","31","3","23","79","80","49","140","6","4","1",".259",".328",".465",".793",".332","1.0","0.1","1.0","210.4","13419"
"Nick Senzel","CIN","128","554","504","126","31","4","16","68","61","44","139","3","16","7",".250",".312",".423",".735",".311","0.0","-0.1","1.0","244.4","19293"
"Corey Dickerson","MIA","128","553","516","139","29","3","17","63","63","32","105","2","3","2",".269",".313",".436",".749",".313","2.0","-0.5","1.0","420.8","10762"
"Christian Arroyo","BOS","78","336","309","81","18","1","11","39","48","22","70","3","2","1",".262",".316",".434",".750",".317","1.0","-0.2","1.0","601.0","16434"
"Bryan Reynolds","PIT","134","581","522","129","25","5","17","73","61","52","145","4","4","3",".247",".318",".412",".730",".312","-3.0","-0.8","1.0","330.8","19326"
"Dylan Moore","SEA","112","482","428","94","21","2","15","57","47","38","132","13","23","12",".220",".302",".383",".685",".295","-2.0","-0.9","1.0","125.9","18042"
"Nico Hoerner","CHC","117","504","455","119","20","5","6","65","57","38","73","7","11","6",".262",".325",".367",".692",".300","0.0","-0.7","1.0","493.0","21479"
"Yadier Molina","STL","102","404","375","96","16","0","8","35","45","17","60","6","3","0",".256",".296",".363",".659",".283","3.0","0.4","1.0","262.1","7007"
"Nick Solak","TEX","128","553","498","133","23","2","14","70","68","44","115","6","10","2",".267",".332",".406",".737",".316","-3.0","0.8","1.0","179.8","19294"
"Matt Carpenter","STL","91","391","328","72","18","1","13","52","45","53","105","7","2","1",".220",".338",".399",".737",".317","-2.0","-0.2","1.0","582.2","8090"
"Ji-Man Choi","TBR","104","448","381","93","22","1","16","50","57","57","108","4","2","1",".244",".344",".433",".777",".329","-2.0","-0.3","1.0","570.0","5452"
"Tom Murphy","SEA","89","356","331","73","15","2","16","38","47","22","123","2","2","1",".221",".272",".423",".695",".291","-1.0","-0.2","1.0","351.6","13499"
"Josh Bell","WSN","136","588","514","134","25","3","27","77","103","65","133","3","1","2",".261",".344",".479",".822",".341","-3.0","-1.0","1.0","147.8","13145"
"Adam Duvall","MIA","123","531","483","107","23","2","26","66","77","37","147","7","2","1",".222",".284",".439",".723",".301","7.0","-0.2","1.0","370.6","10950"
"Jordan Luplow","CLE","55","238","208","50","12","2","9","30","31","26","56","3","2","2",".240",".332",".447",".779",".329","4.0","-0.6","0.9","601.0","16424"
"Freddy Galvis","BAL","128","553","508","124","24","3","12","57","62","36","112","5","5","3",".244",".299",".374",".673",".288","1.0","-0.6","0.9","529.0","6609"
"Yasiel Puig","","65","280","254","67","13","1","12","35","42","22","59","2","8","4",".264",".325",".465",".790",".330","2.0","-0.3","0.9","448.7","14225"
"Chance Sisco","BAL","76","304","261","61","12","0","10","35","34","29","94","12","0","1",".234",".336",".395",".730",".318","-5.0","-0.6","0.9","552.5","15694"
"Robbie Grossman","DET","126","547","473","118","28","4","13","66","55","65","103","5","11","4",".249",".344",".408",".752",".323","-3.0","0.2","0.9","424.9","5254"
"Alexander Kirilloff","MIN","97","421","393","113","21","2","14","47","45","22","80","4","5","5",".288",".330",".458",".788",".331","-2.0","-1.4","0.9","999.0","sa917929"
"Jake Marisnick","CHC","65","281","258","65","15","2","10","41","32","15","79","5","7","3",".252",".305",".442",".747",".314","2.0","0.0","0.9","600.7","11339"
"Austin Riley","ATL","133","573","527","126","26","3","28","73","94","39","174","5","0","1",".239",".297",".459",".756",".313","-3.0","-0.7","0.9","218.0","18360"
"Yoshitomo Tsutsugo","TBR","75","322","285","68","14","1","15","40","46","35","80","1","0","0",".239",".323",".453",".776",".326","-1.0","-0.2","0.9","553.7","27459"
"Nicholas Castellanos","CIN","146","630","576","152","42","5","26","83","86","45","157","6","2","3",".264",".322",".490",".812",".337","-7.0","-1.2","0.9","82.5","11737"
"David Bote","CHC","75","321","282","65","13","1","12","38","48","33","89","4","4","1",".230",".318",".411",".729",".311","1.0","0.2","0.8","554.2","14593"
"Ryan McMahon","COL","130","559","501","126","26","3","24","69","78","52","173","3","5","2",".251",".324",".459",".783",".328","-2.0","-0.1","0.8","237.8","15112"
"Austin Barnes","LAD","55","218","186","42","8","1","4","27","23","25","49","4","3","1",".226",".329",".344",".673",".296","2.0","0.0","0.8","561.7","12158"
"Stephen Piscotty","OAK","130","561","509","123","26","0","19","62","80","41","136","6","7","1",".242",".304",".405",".708",".302","1.0","0.7","0.8","532.5","13367"
"Cedric Mullins II","BAL","91","393","357","87","17","4","9","44","37","24","77","3","14","4",".244",".295",".389",".684",".290","3.0","0.9","0.8","516.9","17929"
"Colin Moran","PIT","131","567","514","132","27","2","19","64","74","43","132","4","0","2",".257",".316",".428",".744",".313","-5.0","-1.1","0.8","525.4","16909"
"Marwin Gonzalez","BOS","79","343","309","81","18","1","11","36","46","27","67","4","1","1",".262",".327",".434",".761",".322","2.0","-0.4","0.8","503.3","5497"
"Enrique Hernandez","BOS","97","420","375","92","25","3","13","56","57","36","88","4","3","1",".245",".315",".432",".747",".314","-3.0","0.0","0.8","448.3","10472"
"Jarred Kelenic","SEA","96","413","377","88","17","4","18","51","58","32","122","2","11","6",".233",".295",".443",".738",".310","-5.0","-0.6","0.8","200.8","sa3007741"
"Hanser Alberto","KCR","57","245","233","69","13","1","4","30","21","6","25","2","2","1",".296",".317",".412",".729",".309","2.0","-0.2","0.8","574.0","11902"
"Josh Naylor","CLE","112","483","439","121","25","2","14","61","55","39","74","3","4","2",".276",".337",".437",".775",".328","-4.0","-0.3","0.8","483.0","18839"
"Jesus Aguilar","MIA","122","524","457","114","20","0","20","63","82","54","122","4","0","1",".249",".328",".425",".753",".319","1.0","-0.7","0.7","408.1","11342"
"Bobby Dalbec","BOS","125","540","475","104","20","1","28","63","68","52","212","10","3","4",".219",".307",".442",".750",".315","6.0","-1.4","0.7","297.3","19966"
"Austin Slater","SFG","62","266","231","59","12","2","7","33","30","28","68","5","8","2",".255",".347",".416",".763",".328","0.0","0.6","0.7","526.9","16153"
"Mauricio Dubon","SFG","100","434","403","104","16","2","9","48","42","25","75","2","9","6",".258",".303",".375",".678",".290","5.0","-1.0","0.7","291.4","16530"
"Donovan Solano","SFG","126","546","514","144","29","1","5","53","54","24","95","4","1","0",".280",".315",".370",".685",".294","1.0","-0.1","0.7","549.3","8623"
"Tony Kemp","OAK","87","379","334","87","16","3","5","46","30","34","49","5","11","5",".260",".335",".371",".706",".306","-4.0","-0.2","0.7","598.2","14894"
"Wilson Ramos","DET","78","307","283","76","13","0","8","27","40","20","48","2","0","0",".269",".319",".399",".719",".306","-4.0","-0.2","0.7","260.9","1433"
"Manny Pina","MIL","52","204","184","43","8","1","6","19","22","13","51","5","1","0",".234",".300",".386",".686",".293","3.0","0.1","0.7","599.7","2829"
"Wilmer Flores","SFG","68","294","273","75","16","1","10","33","42","15","40","3","1","0",".275",".316",".451",".767",".321","-3.0","0.1","0.7","448.9","5827"
"Niko Goodrum","DET","100","435","393","91","21","4","12","48","49","36","132","2","12","4",".232",".297",".397",".693",".295","-2.0","0.5","0.7","511.2","12092"
"Michael A. Taylor","KCR","71","308","285","66","17","2","10","35","32","20","88","1","10","3",".232",".283",".411",".694",".290","4.0","0.6","0.7","560.5","11489"
"Nate Lowe","TEX","92","399","351","91","17","1","17","51","49","44","104","2","2","1",".259",".343",".459",".802",".337","0.0","-0.3","0.7","405.6","19566"
"Victor Caratini","SDP","62","247","218","54","11","1","5","26","34","23","52","4","0","1",".248",".328",".376",".704",".304","-1.0","-0.6","0.7","528.1","14968"
"Kevin Plawecki","BOS","49","191","172","46","10","1","4","19","25","14","33","4","1","1",".267",".335",".407",".742",".317","-1.0","-0.3","0.7","592.7","13807"
"Mike Zunino","TBR","92","365","334","64","15","0","17","36","51","24","136","6","0","0",".192",".258",".389",".647",".274","1.0","-0.1","0.7","558.5","13265"
"Mitch Moreland","OAK","109","469","419","98","21","1","20","58","66","44","106","2","0","0",".234",".307",".432",".739",".309","2.0","-0.2","0.7","528.5","3086"
"Orlando Arcia","MIL","105","456","418","105","18","2","11","46","47","32","91","2","7","3",".251",".305",".383",".688",".292","1.0","-0.1","0.7","554.8","13185"
"Charlie Blackmon","COL","136","588","531","155","28","6","21","91","74","45","109","7","5","5",".292",".352",".486",".838",".349","-5.0","-1.5","0.7","87.3","7859"
"Brandon Crawford","SFG","128","552","499","119","25","1","13","58","68","43","122","5","3","4",".238",".303",".371",".673",".285","2.0","-1.4","0.6","560.5","5343"
"Francisco Mejia","TBR","57","225","207","49","10","2","6","25","22","11","47","4","1","1",".237",".286",".391",".677",".285","1.0","-0.3","0.6","493.7","16403"
"Andrew Knizner","STL","52","204","187","47","8","1","5","22","21","11","36","3","1","1",".251",".300",".385",".686",".291","2.0","-0.3","0.6","569.9","19514"
"Shogo Akiyama","CIN","99","426","386","101","19","3","10","48","38","36","74","3","8","5",".262",".329",".404",".733",".314","-2.0","-0.8","0.6","540.8","27461"
"Garrett Cooper","MIA","66","286","258","68","13","0","10","35","39","24","67","3","0","0",".264",".332",".430",".762",".325","1.0","-0.2","0.6","529.8","15279"
"Mike Tauchman","NYY","26","113","99","26","5","1","3","16","15","12","25","1","4","1",".263",".345",".424",".769",".326","3.0","0.3","0.6","581.4","15274"
"Kurt Suzuki","LAA","66","262","234","62","12","0","8","29","43","18","36","6","1","0",".265",".328",".419",".747",".318","-7.0","0.1","0.6","475.7","8259"
"Jonathan Villar","NYM","68","294","264","63","9","1","8","33","28","26","78","1","19","5",".239",".307",".371",".678",".293","1.0","1.5","0.6","195.8","10071"
"Pedro Severino","BAL","65","257","233","56","9","1","8","25","32","20","55","2","2","0",".240",".305",".391",".695",".296","-2.0","0.3","0.6","363.2","14523"
"Evan Longoria","SFG","107","463","424","105","20","2","13","48","60","28","89","5","2","2",".248",".298",".396",".694",".293","2.0","-0.7","0.6","523.6","9368"
"Jo Adell","LAA","52","224","208","53","10","0","7","21","20","14","72","2","3","1",".255",".308",".404",".712",".304","4.0","0.1","0.6","428.7","20220"
"Alex Dickerson","SFG","109","469","423","110","23","4","15","62","66","35","91","7","1","0",".260",".324",".440",".764",".320","-3.0","0.0","0.6","356.5","12649"
"Phillip Evans","PIT","63","273","246","63","12","1","6","31","28","22","46","4","1","2",".256",".326",".386",".712",".308","1.0","-0.8","0.6","600.7","12950"
"Raimel Tapia","COL","131","566","526","155","31","9","9","73","52","33","114","2","18","4",".295",".337",".439",".776",".328","2.0","1.6","0.6","237.3","14350"
"J.D. Davis","NYM","100","434","386","99","20","1","15","51","50","39","106","6","2","1",".256",".332",".430",".762",".323","-11.0","-0.3","0.6","262.3","16219"
"Mike Brosseau","TBR","29","126","114","29","6","1","4","15","15","8","31","3","2","1",".254",".317",".430",".747",".317","1.0","-0.1","0.6","506.0","19683"
"Brad Miller","PHI","63","273","237","53","11","2","13","32","44","32","83","2","1","1",".224",".319",".451",".770",".323","1.0","-0.4","0.6","593.8","12775"
"Daulton Varsho","ARI","49","203","183","44","8","2","6","26","20","16","48","3","7","2",".240",".310",".404",".715",".305","-1.0","0.4","0.5","186.4","19918"
"Aledmys Diaz","HOU","44","190","175","45","10","0","7","23","24","11","29","2","1","1",".257",".305",".434",".740",".311","-2.0","-0.3","0.5","596.8","15937"
"Pat Valaika","BAL","41","174","165","44","7","1","8","26","23","8","42","0","0","2",".267",".301",".467",".767",".320","0.0","-0.9","0.5","561.3","14885"
"Luis Torrens","SEA","76","300","274","65","15","1","5","28","26","22","64","1","0","1",".237",".294",".354",".648",".278","0.0","-0.6","0.5","544.5","15905"
"Leody Taveras","TEX","118","512","466","113","20","5","10","60","35","40","125","0","24","7",".242",".301",".371",".672",".288","5.0","1.5","0.5","199.3","18900"
"Yolmer Sanchez","BAL","71","308","276","71","14","4","4","35","26","24","59","3","5","4",".257",".321",".380",".702",".301","0.0","-0.9","0.5","598.3","11602"
"Omar Narvaez","MIL","71","283","246","60","10","0","9","27","28","32","63","3","0","0",".244",".337",".394",".731",".316","-6.0","-0.2","0.5","353.0","13338"
"Jason Castro","HOU","63","250","220","43","11","0","7","25","24","27","90","2","0","0",".195",".288",".341",".629",".275","1.0","-0.1","0.5","561.1","8722"
"Cam Gallagher","KCR","37","148","133","34","7","0","3","15","12","11","25","1","0","0",".256",".315",".376",".691",".298","1.0","-0.1","0.5","598.5","12981"
"Jedd Gyorko","","41","175","154","37","6","0","7","20","22","18","44","1","1","0",".240",".320",".416",".736",".314","1.0","0.1","0.5","598.9","10816"
"Isan Diaz","MIA","97","420","376","87","15","3","10","52","49","40","112","2","5","3",".231",".309",".367",".676",".293","0.0","-0.5","0.5","596.2","17922"
"Cristian Pache","ATL","123","532","495","118","28","8","14","55","62","32","139","2","5","9",".238",".286",".412",".698",".293","6.0","-3.1","0.5","999.0","19948"
"Brendan Rodgers","COL","120","518","478","123","27","3","16","61","61","29","117","7","7","3",".257",".307",".427",".734",".309","4.0","-0.1","0.5","412.2","17907"
"Nomar Mazara","DET","97","420","386","100","21","2","14","46","53","27","100","5","2","1",".259",".314",".433",".747",".314","-1.0","-0.2","0.5","537.5","14553"
"Asdrubal Cabrera","ARI","68","294","265","69","15","2","10","35","44","25","55","1","1","0",".260",".323",".445",".768",".323","-4.0","0.1","0.5","528.2","4962"
"Oscar Mercado","CLE","113","491","446","108","21","3","10","57","45","31","110","5","22","7",".242",".296",".370",".666",".286","2.0","1.1","0.5","428.6","16375"
"Dustin Fowler","PIT","75","322","303","79","15","4","10","38","36","16","78","2","7","3",".261",".301",".436",".737",".309","-2.0","-0.1","0.5","600.2","17098"
"Justin Upton","LAA","131","568","501","111","21","0","28","72","92","53","170","9","5","4",".222",".305",".431",".736",".311","-3.0","-1.0","0.5","376.8","5222"
"Luis Guillorme","NYM","45","196","172","44","8","1","2","20","15","20","35","1","2","1",".256",".335",".349",".684",".301","1.0","-0.2","0.5","600.4","16451"
"Victor Reyes","DET","79","343","326","91","16","4","6","43","30","14","68","1","10","4",".279",".309",".408",".717",".302","3.0","0.1","0.5","266.3","15487"
"Jake Rogers","DET","31","122","108","22","4","1","4","14","15","10","38","2","1","1",".204",".281",".370",".651",".279","3.0","-0.3","0.4","600.9","19452"
"Kevin Newman","PIT","104","447","413","109","20","2","5","44","36","26","57","4","8","5",".264",".312",".358",".671",".289","0.0","-0.8","0.4","539.5","17696"
"Tyler Stephenson","CIN","50","198","175","40","7","1","5","23","23","17","53","4","0","0",".229",".308",".366",".674",".292","1.0","-0.1","0.4","491.4","17988"
"Daniel Robertson","MIL","55","239","206","49","8","1","4","27","20","26","59","6","1","1",".238",".339",".345",".684",".304","1.0","-0.4","0.4","999.0","14145"
"Jake Cave","MIN","52","224","205","52","10","2","8","30","29","14","69","4","1","1",".254",".313",".439",".752",".317","-3.0","-0.3","0.4","599.1","14477"
"Avisail Garcia","MIL","83","357","326","88","16","1","11","40","44","23","82","6","3","3",".270",".328",".426",".754",".319","0.0","-0.9","0.4","351.2","5760"
"Dom Nunez","COL","57","224","194","42","8","1","8","27","24","25","64","2","3","1",".216",".309",".392",".701",".300","2.0","0.1","0.4","594.1","15055"
"Josh Reddick","","73","315","288","75","12","2","7","35","32","24","50","0","3","1",".260",".314",".389",".703",".300","1.0","0.0","0.4","598.2","3892"
"Renato Nunez","DET","100","434","394","99","21","0","21","53","66","31","113","5","1","0",".251",".311",".464",".776",".325","0.0","0.0","0.4","487.6","14503"
"Tyler Flowers","","32","128","112","24","5","0","3","12","13","12","45","4","0","0",".214",".313",".339",".652",".289","2.0","-0.1","0.4","600.8","9134"
"Nicky Lopez","KCR","130","559","508","124","21","4","5","57","40","41","81","4","7","8",".244",".306",".331",".636",".279","7.0","-2.4","0.4","599.3","19339"
"Yuli Gurriel","HOU","146","629","581","150","33","2","19","74","78","33","67","7","2","2",".258",".302",".420",".722",".304","1.0","-0.8","0.4","329.4","19198"
"Kyle Higashioka","NYY","40","160","150","34","6","0","8","18","26","8","40","1","0","0",".227",".269",".427",".695",".288","0.0","-0.1","0.4","551.7","5517"
"Kyle Farmer","CIN","83","357","330","80","17","1","7","32","34","21","75","5","3","1",".242",".297",".364",".661",".284","0.0","0.0","0.4","594.9","14813"
"Adley Rutschman","BAL","26","102","92","21","5","0","3","12","12","8","22","1","1","0",".228",".294",".380",".675",".289","1.0","0.2","0.4","510.6","sa3011643"
"Todd Frazier","PIT","65","280","248","58","12","1","8","30","31","24","60","6","2","2",".234",".314",".387",".701",".301","0.0","-0.6","0.4","595.8","785"
"Maikel Franco","BAL","79","343","315","79","18","1","12","34","48","24","53","1","1","0",".251",".303",".429",".732",".303","-3.0","0.1","0.4","496.7","12179"
"Kevin Pillar","NYM","76","328","309","77","17","2","9","40","38","13","56","4","7","3",".249",".287",".405",".691",".290","0.0","0.0","0.4","516.4","12434"
"Scott Kingery","PHI","102","441","405","93","22","3","14","52","46","27","123","4","9","3",".230",".282",".402",".685",".288","2.0","0.3","0.3","395.7","17975"
"Austin Hedges","CLE","50","197","178","37","7","0","8","18","25","13","60","2","2","1",".208",".268",".382",".650",".274","2.0","-0.1","0.3","599.8","12976"
"Ender Inciarte","ATL","52","224","202","51","8","2","4","28","21","18","35","1","7","3",".252",".314",".371",".685",".295","2.0","0.0","0.3","597.6","4922"
"Adam Engel","CHW","55","238","219","50","10","2","6","25","23","12","67","5","5","2",".228",".284",".374",".658",".282","2.0","0.0","0.3","597.4","15082"
"Michael Perez","PIT","40","161","145","33","7","0","4","16","17","13","40","1","0","1",".228",".292",".359",".651",".280","2.0","-0.5","0.3","999.0","12977"
"Tyler O'Neill","STL","130","560","509","116","20","1","28","76","80","43","176","4","9","3",".228",".291",".436",".727",".305","-1.0","0.2","0.3","463.1","15711"
"Leury Garcia","CHW","39","168","157","42","6","1","3","20","16","6","36","2","3","1",".268",".301",".376",".677",".289","1.0","0.1","0.3","595.5","5913"
"D.J. Stewart","BAL","71","308","264","60","12","1","13","38","44","34","80","5","5","3",".227",".324",".428",".752",".319","-3.0","-0.5","0.3","573.5","17766"
"Eric Hosmer","SDP","147","636","584","152","26","1","22","73","107","47","139","2","7","2",".260",".316",".421",".737",".312","0.0","0.2","0.3","155.3","3516"
"Yonathan Daza","COL","47","203","190","56","11","2","3","23","17","10","34","1","5","3",".295",".332",".421",".753",".320","1.0","-0.4","0.3","999.0","15794"
"Tommy La Stella","SFG","102","440","396","106","19","2","9","54","46","36","40","4","1","0",".268",".333",".394",".727",".312","-9.0","-0.1","0.3","369.5","12371"
"Daniel Vogelbach","MIL","34","148","124","30","5","0","7","19","22","22","36","1","0","0",".242",".358",".452",".810",".344","0.0","-0.1","0.3","597.7","14130"
"Edwin Rios","LAD","39","168","153","35","8","0","9","21","30","11","60","2","0","0",".229",".286",".458",".743",".306","-1.0","-0.1","0.3","474.6","18316"
"Danny Mendick","CHW","19","85","74","18","3","0","2","9","8","9","18","1","2","1",".243",".329",".365",".694",".303","1.0","-0.1","0.3","601.0","18889"
"Jonah Heim","TEX","60","237","217","50","10","1","4","24","23","16","43","1","1","1",".230",".284",".341",".625",".270","4.0","-0.3","0.3","582.9","16930"
"Johan Camargo","ATL","44","188","174","43","11","0","6","22","24","12","45","1","0","0",".247",".298",".414",".712",".299","1.0","-0.1","0.3","597.6","14950"
"Austin Allen","OAK","16","63","59","14","3","0","3","7","9","4","18","0","0","0",".237",".286",".441",".726",".305","0.0","0.0","0.3","600.9","18083"
"Franklin Barreto","LAA","37","161","148","33","6","1","7","22","22","10","56","2","4","1",".223",".280",".419",".698",".294","0.0","0.3","0.3","600.9","15519"
"Luis Campusano","SDP","28","109","98","24","5","0","2","13","15","9","18","1","0","0",".245",".312",".357",".669",".291","0.0","-0.1","0.2","999.0","22217"
"Jarrod Dyson","KCR","58","252","226","52","6","2","2","34","16","21","41","2","19","2",".230",".300",".301",".601",".265","3.0","2.8","0.2","999.0","4866"
"Luis Garcia","WSN","68","294","281","73","11","2","5","33","28","10","56","0","4","3",".260",".284",".367",".651",".277","1.0","-0.6","0.2","588.3","20391"
"Robinson Chirinos","NYY","24","96","83","17","4","0","3","9","13","9","27","3","0","0",".205",".302",".361",".664",".289","0.0","0.0","0.2","999.0","3142"
"Andrew Stevenson","WSN","57","245","223","59","12","3","5","29","27","17","64","2","7","2",".265",".321",".413",".734",".311","-3.0","0.4","0.2","570.4","17932"
"Garrett Hampson","COL","78","337","305","79","12","5","7","42","26","26","83","1","16","4",".259",".317",".400",".717",".306","1.0","1.3","0.2","258.5","19262"
"Odubel Herrera","PHI","24","104","96","25","5","1","3","12","14","7","24","1","1","1",".260",".317",".427",".744",".313","0.0","-0.3","0.2","558.0","11476"
"Andrew Knapp","PHI","36","141","118","27","6","1","3","14","14","20","40","1","0","0",".229",".343",".373",".716",".311","-3.0","-0.1","0.2","587.5","14942"
"Zack Collins","CHW","34","139","117","22","5","0","5","16","16","20","51","1","0","0",".188",".309",".359",".668",".293","-2.0","-0.1","0.2","598.6","19181"
"Bradley Zimmer","CLE","15","63","55","12","2","0","2","7","7","6","22","2","3","1",".218",".317",".364",".681",".299","1.0","0.1","0.2","599.9","16221"
"Vidal Brujan","TBR","19","83","77","19","3","1","1","9","7","5","15","1","6","2",".247",".301",".351",".652",".283","1.0","0.3","0.2","999.0","sa872786"
"Andy Young","ARI","24","105","92","20","4","1","4","12","12","7","29","5","1","0",".217",".305",".413",".718",".306","0.0","0.1","0.2","999.0","19521"
"Taylor Ward","LAA","15","63","56","13","3","0","2","8","6","6","17","1","1","0",".232",".317",".393",".710",".307","0.0","0.2","0.2","599.3","17548"
"Edmundo Sosa","STL","21","92","85","21","4","1","2","9","8","3","19","2","1","1",".247",".286",".388",".674",".285","1.0","-0.3","0.2","999.0","17022"
"Ildemaro Vargas","CHC","26","112","105","28","5","1","2","13","10","5","13","1","1","1",".267",".304",".390",".694",".295","1.0","-0.3","0.2","999.0","13324"
"Austin Romine","CHC","50","198","186","45","8","0","5","19","25","8","55","1","0","0",".242",".274",".366",".640",".272","1.0","-0.1","0.2","590.1","5491"
"Austin Dean","STL","26","112","102","27","6","1","4","13","14","8","23","1","1","1",".265",".321",".461",".782",".328","-1.0","-0.3","0.2","999.0","18288"
"Jay Bruce","NYY","31","133","122","28","6","1","7","15","24","10","33","0","0","0",".230",".286",".467",".753",".309","0.0","-0.1","0.2","595.6","9892"
"Reese McGuire","TOR","37","146","132","29","5","1","4","15","14","9","31","1","1","0",".220",".273",".364",".636",".272","0.0","0.1","0.2","601.0","15674"
"Ramon Urias","BAL","10","41","37","10","2","0","1","5","5","3","9","1","0","0",".270",".341",".405",".747",".323","0.0","0.0","0.2","599.5","18795"
"Steven Souza Jr.","TEX","16","70","61","13","3","0","3","8","10","8","24","1","1","0",".213",".314",".410",".724",".311","0.0","0.2","0.2","600.5","5667"
"Isaac Paredes","DET","21","92","83","21","4","0","2","9","9","7","15","1","1","0",".253",".315",".373",".689",".297","0.0","0.1","0.1","583.3","20036"
"Michael Chavis","BOS","37","161","148","35","7","1","7","19","22","10","50","2","2","0",".236",".292",".439",".731",".307","-2.0","0.3","0.1","516.3","17321"
"Sheldon Neuse","LAD","19","83","78","19","4","0","2","9","11","5","25","0","1","0",".244",".289",".372",".661",".283","1.0","0.2","0.1","600.9","19635"
"Vimael Machin","OAK","26","111","98","23","5","0","1","13","8","12","20","0","1","0",".235",".315",".316",".632",".276","0.0","0.1","0.1","999.0","17684"
"Willians Astudillo","MIN","6","25","24","7","1","0","1","3","3","1","1","0","0","0",".292",".320",".458",".778",".328","0.0","0.0","0.1","593.5","15608"
"John Nogowski","STL","11","49","43","11","2","0","1","6","5","5","6","1","0","0",".256",".347",".372",".719",".316","1.0","0.0","0.1","999.0","16852"
"Aramis Garcia","OAK","42","166","154","32","7","1","5","17","19","10","54","1","0","0",".208",".259",".364",".623",".264","0.0","-0.1","0.1","600.2","16925"
"Curt Casali","SFG","42","167","147","33","6","0","4","15","18","17","43","2","1","0",".224",".311",".347",".658",".286","-2.0","0.1","0.1","593.6","12510"
"Jace Peterson","MIL","6","28","24","6","1","0","1","3","3","4","7","0","1","0",".250",".357",".417",".774",".336","0.0","0.2","0.1","999.0","12325"
"Jasrado Chisholm","MIA","47","204","182","36","4","3","8","24","23","18","71","3","6","3",".198",".279",".385",".664",".283","-1.0","-0.2","0.1","999.0","20454"
"Mike Freeman","CIN","13","57","50","12","2","0","1","6","5","5","15","1","1","0",".240",".321",".340",".661",".292","1.0","0.2","0.1","999.0","11241"
"Logan Morrison","","26","112","100","23","5","0","6","14","16","11","28","1","0","0",".230",".313",".460",".773",".326","0.0","-0.1","0.1","999.0","9205"
"Matt Duffy","CHC","10","42","38","10","2","0","1","4","4","3","6","1","1","0",".263",".333",".395",".728",".315","0.0","0.2","0.1","999.0","13836"
"Joe Panik","TOR","21","92","81","20","4","0","1","10","7","9","11","1","1","0",".247",".326",".333",".659",".291","0.0","0.1","0.1","599.6","11936"
"Wyatt Mathisen","ARI","10","41","36","8","2","0","2","5","5","4","12","1","0","0",".222",".317",".444",".762",".324","0.0","0.0","0.1","999.0","14555"
"Pavin Smith","ARI","49","209","188","49","9","2","5","24","19","19","35","0","1","0",".261",".325",".410",".735",".313","1.0","0.1","0.1","596.2","19892"
"Abraham Toro","HOU","18","77","69","16","3","0","2","10","9","6","17","2","1","1",".232",".312",".362",".674",".294","0.0","-0.3","0.1","598.8","19844"
"Kevan Smith","TBR","13","50","46","12","3","0","1","5","6","3","10","1","0","0",".261",".320",".391",".711",".307","-1.0","0.0","0.1","999.0","12284"
"Tony Wolters","PIT","28","110","96","21","4","1","0","10","8","10","24","2","0","0",".219",".303",".281",".584",".259","2.0","-0.1","0.1","600.8","11470"
"Jarren Duran","BOS","53","232","215","57","9","3","2","24","16","13","51","2","13","4",".265",".312",".363",".674",".291","-1.0","0.7","0.1","569.2","sa3006786"
"Breyvic Valera","TOR","6","27","25","7","1","0","1","3","3","2","3","0","0","0",".280",".333",".440",".773",".329","0.0","0.0","0.1","999.0","12758"
"Isiah Kiner-Falefa","TEX","144","623","571","146","25","5","6","67","41","39","100","9","15","6",".256",".312",".349",".661",".288","-2.0","0.0","0.1","303.1","16512"
"Danny Santana","BOS","15","63","59","15","4","1","2","8","10","3","18","0","2","1",".254",".286",".458",".743",".306","0.0","-0.1","0.1","591.7","10322"
"Keibert Ruiz","LAD","8","32","30","8","1","0","1","3","3","2","4","0","0","0",".267",".313",".400",".713",".305","0.0","0.0","0.1","595.9","19610"
"Joey Bart","SFG","19","77","72","17","3","1","2","8","8","3","23","2","0","1",".236",".286",".389",".675",".287","0.0","-0.5","0.1","521.2","21524"
"Jake Bauers","CLE","68","295","257","58","15","1","8","35","34","33","80","2","7","3",".226",".316",".385",".702",".303","0.0","-0.1","0.1","590.5","15194"
"Rougned Odor","TEX","107","462","421","90","19","2","24","60","78","31","138","6","7","6",".214",".275",".439",".715",".297","0.0","-1.4","0.1","529.3","12282"
"Bobby Bradley","CLE","34","147","133","30","7","1","7","17","20","12","50","1","0","0",".226",".293",".451",".744",".308","1.0","-0.1","0.1","592.7","17278"
"Tomas Nido","NYM","45","180","168","37","8","1","5","17","23","8","41","1","0","0",".220",".257",".369",".626",".261","1.0","-0.1","0.1","600.5","13755"
"Jake Lamb","ATL","53","231","200","44","10","1","8","27","36","26","61","3","1","1",".220",".316",".400",".716",".304","-2.0","-0.3","0.1","593.7","13329"
"Brent Rooker","MIN","24","105","94","22","5","0","5","13","15","8","35","2","1","0",".234",".305",".447",".752",".316","-1.0","0.2","0.1","592.1","19627"
"Colton Welker","COL","16","70","64","18","4","0","2","8","9","5","14","0","0","0",".281",".329",".438",".766",".323","0.0","0.0","0.1","600.3","sa917962"
"Nolan Jones","CLE","6","27","24","6","1","0","1","3","3","3","9","0","0","0",".250",".333",".417",".750",".322","0.0","0.0","0.1","579.7","sa917941"
"Delino DeShields","TEX","19","83","73","17","3","1","1","10","5","8","21","0","4","1",".233",".309",".342",".651",".285","1.0","0.3","0.1","600.1","11379"
"Derek Fisher","MIL","13","56","49","11","2","0","3","8","7","7","18","0","1","1",".224",".321",".449",".770",".327","0.0","-0.3","0.1","600.7","16192"
"Adam Haseley","PHI","66","287","258","64","12","1","6","31","32","21","65","4","3","2",".248",".312",".372",".684",".294","-1.0","-0.4","0.1","597.4","19878"
"Grayson Greiner","DET","49","193","175","34","7","1","6","20","23","14","59","2","1","0",".194",".260",".349",".609",".261","1.0","0.1","0.1","599.2","17062"
"Joey Votto","CIN","154","666","569","137","27","0","18","81","59","91","134","3","3","0",".241",".347",".383",".730",".317","-1.0","0.2","0.1","370.1","4314"
"Rene Rivera","","13","51","47","9","1","0","2","5","7","3","17","1","0","0",".191",".255",".340",".595",".257","1.0","0.0","0.1","999.0","3648"
"Chas McCormick","HOU","45","197","174","42","5","2","4","21","17","18","34","2","5","2",".241",".315",".362",".677",".293","0.0","0.0","0.1","599.8","sa3004174"
"Trevor Larnach","MIN","5","21","19","5","1","0","1","2","2","2","6","0","0","0",".263",".333",".474",".807",".340","0.0","0.0","0.1","595.0","sa3008376"
"Caleb Raleigh","SEA","8","32","30","6","1","0","2","4","5","2","9","0","0","0",".200",".250",".433",".683",".284","0.0","0.0","0.1","999.0","sa3008377"
"Zachary Short","DET","6","28","24","5","1","0","1","3","3","4","8","0","0","0",".208",".321",".375",".696",".305","0.0","0.0","0.1","999.0","sa873287"
"Ryan McBroom","KCR","16","70","64","16","3","0","3","8","7","5","19","1","0","0",".250",".314",".438",".752",".319","0.0","0.0","0.1","599.8","16524"
"Juan Lagares","LAA","18","78","71","17","3","1","1","10","6","5","17","1","1","1",".239",".299",".352",".651",".277","1.0","-0.3","0.1","999.0","5384"
"Robel Garcia","HOU","3","13","12","3","0","0","1","2","2","1","5","0","0","0",".250",".308",".500",".808",".336","0.0","0.0","0.1","999.0","13167"
"Andrew Waters","ATL","8","35","33","8","2","0","1","4","3","2","11","0","1","0",".242",".286",".394",".680",".289","1.0","0.2","0.1","593.1","sa3004378"
"Tyler Wade","NYY","28","119","106","23","5","1","2","15","10","10","30","1","4","1",".217",".288",".340",".628",".273","0.0","0.3","0.1","600.0","15730"
"Lane Thomas","STL","41","174","158","34","7","2","5","19","18","14","52","1","4","3",".215",".282",".380",".661",".282","1.0","-0.6","0.1","594.0","16939"
"Rylan Bannon","BAL","28","119","107","24","5","1","3","13","13","10","28","1","1","1",".224",".294",".374",".668",".287","0.0","-0.3","0.1","600.8","sa3004162"
"Yu-Cheng Chang","CLE","10","41","38","8","2","0","1","5","4","3","13","0","0","0",".211",".268",".342",".610",".263","1.0","0.0","0.1","600.6","14773"
"Yadiel Hernandez","WSN","5","21","19","5","1","0","1","3","3","2","5","0","0","0",".263",".333",".474",".807",".340","0.0","0.0","0.1","999.0","19334"
"Luis Rengifo","LAA","10","41","37","9","2","0","1","5","3","4","9","0","1","1",".243",".317",".378",".695",".301","0.0","-0.3","0.1","999.0","19858"
"Jason Kipnis","ATL","15","63","56","13","3","0","2","7","9","6","13","0","1","0",".232",".302",".393",".694",".296","0.0","0.2","0.1","600.8","9776"
"Mallex Smith","NYM","2","7","6","2","0","0","0","1","0","1","2","0","1","0",".333",".429",".333",".762",".347","0.0","0.2","0.1","599.3","13608"
"Pablo Sandoval","ATL","5","20","19","5","1","0","1","2","3","1","4","0","0","0",".263",".300",".474",".774",".323","0.0","0.0","0.1","599.5","5409"
"Anthony Bemboom","LAA","10","38","33","7","1","0","1","4","3","3","10","1","0","0",".212",".297",".333",".631",".278","0.0","0.0","0.1","999.0","13854"
"Jason Martin","TEX","5","21","19","5","1","0","1","2","2","2","5","0","0","0",".263",".333",".474",".807",".340","0.0","0.0","0.1","999.0","16429"
"Monte Harrison","MIA","5","21","19","4","1","0","1","2","2","2","8","0","1","0",".211",".286",".421",".707",".299","0.0","0.2","0.1","598.8","17216"
"Yairo Munoz","BOS","11","48","46","13","3","0","1","6","6","2","11","0","1","0",".283",".313",".413",".726",".308","-1.0","0.2","0.1","600.3","16313"
"Jonathan Lucroy","CHW","28","108","98","24","4","1","2","10","14","8","16","1","0","0",".245",".306",".367",".673",".286","-2.0","-0.1","0.1","600.9","7870"
"Yoenis Cespedes","","55","239","217","49","9","1","11","26","36","17","70","3","1","0",".226",".289",".429",".717",".297","0.0","0.1","0.1","595.3","13110"
"Travis Blankenhorn","MIN","5","21","20","5","1","0","1","2","2","1","6","0","0","0",".250",".286",".450",".736",".307","0.0","0.0","0.1","598.5","18395"
"Greg Garcia","DET","10","43","36","9","1","0","0","4","4","5","9","1","0","0",".250",".357",".278",".635",".294","0.0","0.0","0.0","999.0","10951"
"Dustin Garneau","DET","6","25","23","5","1","0","1","3","3","2","7","0","0","0",".217",".280",".391",".671",".286","0.0","0.0","0.0","999.0","9433"
"Omar Estevez","LAD","6","28","26","6","2","0","1","3","3","2","8","0","0","0",".231",".286",".423",".709",".299","0.0","0.0","0.0","999.0","sa914242"
"Anderson Tejeda","TEX","15","62","59","14","3","1","2","6","7","3","21","0","2","1",".237",".274",".424",".698",".292","0.0","-0.1","0.0","592.6","19909"
"Ben Gamel","CLE","28","120","107","27","6","1","2","14","11","11","30","1","1","1",".252",".325",".383",".708",".306","0.0","-0.3","0.0","999.0","12160"
"Braden Bishop","SEA","15","63","57","12","3","0","1","6","5","4","16","1","1","0",".211",".274",".316",".590",".258","1.0","0.2","0.0","999.0","17806"
"Shed Long","SEA","63","273","247","54","10","2","7","28","25","23","79","1","6","3",".219",".287",".360",".647",".279","-1.0","-0.2","0.0","597.6","16542"
"Meibrys Viloria","KCR","13","51","46","10","2","0","1","4","4","4","14","1","0","0",".217",".294",".326",".620",".273","0.0","0.0","0.0","999.0","17109"
"Billy McKinney","MIL","3","14","13","3","1","0","1","2","2","1","4","0","0","0",".231",".286",".538",".824",".337","0.0","0.0","0.0","999.0","15654"
"Cesar Puello","BOS","2","7","6","2","0","0","0","1","1","1","2","0","0","0",".333",".429",".333",".762",".347","0.0","0.0","0.0","999.0","7216"
"Zach McKinstry","LAD","15","63","58","13","2","1","2","7","7","4","17","1","1","1",".224",".286",".397",".682",".290","0.0","-0.3","0.0","600.2","19392"
"Guillermo Heredia","ATL","2","7","6","2","0","0","0","1","1","1","1","0","0","0",".333",".429",".333",".762",".347","0.0","0.0","0.0","999.0","18721"
"Jake Noll","WSN","6","27","26","7","1","0","1","3","3","1","6","0","0","0",".269",".296",".423",".719",".304","0.0","0.0","0.0","999.0","19703"
"John Hicks","TEX","5","19","18","4","1","0","1","2","2","1","6","0","0","0",".222",".263",".444",".708",".294","0.0","0.0","0.0","999.0","12547"
"Max Moroff","STL","5","21","18","3","1","0","1","3","2","3","6","0","0","0",".167",".286",".389",".675",".290","0.0","0.0","0.0","999.0","14556"
"Jonathan Davis","TOR","10","41","37","8","2","0","1","5","4","3","11","1","1","0",".216",".293",".351",".644",".281","0.0","0.2","0.0","999.0","15104"
"Matt Beaty","LAD","42","181","168","43","10","0","5","22","25","10","30","3","1","0",".256",".309",".405",".714",".305","0.0","0.1","0.0","999.0","17710"
"Sean Rodriguez","","6","27","24","5","1","0","1","3","2","3","10","0","0","0",".208",".296",".375",".671",".290","0.0","0.0","0.0","999.0","6589"
"David Dahl","TEX","102","441","403","102","18","6","16","53","51","30","130","3","5","3",".253",".307",".447",".753",".315","-2.0","-0.5","0.0","365.5","13744"
"Lucius Fox","KCR","8","35","31","7","1","1","0","4","2","3","8","1","2","1",".226",".314",".323",".637",".282","0.0","-0.1","0.0","999.0","sa914200"
"Tyler White","TOR","2","7","6","2","0","0","0","1","1","1","2","0","0","0",".333",".429",".333",".762",".347","0.0","0.0","0.0","999.0","15564"
"Zack Cozart","","10","43","38","9","2","0","1","5","4","3","7","1","0","0",".237",".302",".368",".671",".288","0.0","0.0","0.0","999.0","2616"
"Dwight Smith Jr.","CIN","2","7","6","2","0","0","0","1","1","1","2","0","0","0",".333",".429",".333",".762",".347","0.0","0.0","0.0","999.0","13473"
"Jeter Downs","BOS","8","34","31","7","2","0","1","4","4","3","9","0","1","1",".226",".294",".387",".681",".292","0.0","-0.3","0.0","566.7","sa3004615"
"Patrick Mazeika","NYM","3","13","12","3","1","0","0","1","1","1","3","0","0","0",".250",".308",".333",".641",".280","0.0","0.0","0.0","999.0","sa827167"
"Ronald Guzman","TEX","89","385","346","82","16","2","14","45","46","32","105","5","3","1",".237",".309",".416",".725",".308","3.0","0.0","0.0","587.2","14388"
"Greg Bird","COL","28","119","103","24","6","0","6","14","19","14","29","1","0","0",".233",".328",".466",".794",".334","0.0","-0.1","0.0","600.2","14131"
"Jorge Alfaro","MIA","81","320","297","68","10","1","9","30","39","14","113","8","3","2",".229",".281",".360",".642",".273","-3.0","-0.4","0.0","248.4","12180"
"Richie Martin Jr.","BAL","24","105","96","21","4","1","2","11","9","6","26","2","3","1",".219",".279",".344",".623",".270","0.0","0.1","0.0","601.0","17736"
"Chad Wallach","MIA","66","261","236","49","10","0","6","24","24","19","76","3","0","0",".208",".274",".326",".600",".262","0.0","-0.1","0.0","600.2","17161"
"Mike Ford","NYY","6","28","25","6","1","0","1","4","4","3","6","0","0","0",".240",".321",".400",".721",".311","0.0","0.0","0.0","598.8","15585"
"Brock Holt","TEX","32","139","123","30","6","0","2","15","11","13","30","2","2","1",".244",".324",".341",".665",".293","0.0","-0.1","0.0","600.4","9345"
"Brett Phillips","TBR","16","70","61","11","2","1","2","8","7","8","26","0","3","0",".180",".271",".344",".616",".265","1.0","0.6","0.0","600.9","14735"
"Ehire Adrianza","ATL","5","21","19","5","1","0","0","3","2","2","4","0","0","0",".263",".333",".316",".649",".289","0.0","0.0","0.0","600.2","8418"
"Ryan Braun","","57","245","226","57","13","2","10","28","38","14","52","3","3","1",".252",".302",".460",".762",".317","-1.0","0.1","0.0","600.7","3410"
"Taylor Walls","TBR","3","14","13","3","1","0","0","2","1","1","3","0","1","0",".231",".286",".308",".593",".260","0.0","0.2","0.0","600.8","sa915802"
"Connor Wong","BOS","3","13","12","3","1","0","0","1","1","1","5","0","0","0",".250",".308",".333",".641",".280","0.0","0.0","0.0","999.0","sa873978"
"Matt Thaiss","LAA","8","34","31","7","1","0","1","4","4","3","8","0","0","0",".226",".294",".355",".649",".282","0.0","0.0","0.0","999.0","19318"
"Alex Blandino","CIN","10","41","35","7","2","0","1","5","3","5","13","1","0","0",".200",".317",".343",".660",".293","0.0","0.0","0.0","999.0","16271"
"Harold Castro","DET","19","85","80","22","3","1","1","8","7","3","17","0","1","1",".275",".298",".375",".673",".285","0.0","-0.3","0.0","600.5","14691"
"Phil Gosselin","LAA","13","56","51","12","2","0","1","6","5","5","13","0","0","0",".235",".304",".333",".637",".279","0.0","0.0","0.0","999.0","10953"
"Josh Rojas","ARI","62","265","238","58","12","2","6","32","25","24","57","1","9","4",".244",".313",".387",".700",".300","1.0","-0.1","0.0","551.2","19734"
"Bryan Holaday","ARI","3","13","12","3","1","0","0","1","1","1","2","0","0","0",".250",".308",".333",".641",".280","0.0","0.0","0.0","999.0","11287"
"Patrick Higgins","CHC","5","19","17","4","1","0","0","2","2","2","4","0","0","0",".235",".316",".294",".610",".274","0.0","0.0","0.0","999.0","sa875573"
"Khris Davis","TEX","73","316","279","65","11","0","18","40","53","30","94","4","0","0",".233",".313",".466",".779",".325","0.0","-0.2","0.0","549.7","9112"
"Miguel Andujar","NYY","8","35","33","9","2","0","1","4","5","2","6","0","0","0",".273",".314",".424",".739",".313","-1.0","0.0","0.0","563.8","15878"
"Brian O'Grady","SDP","5","21","19","4","1","0","1","2","3","2","7","0","1","0",".211",".286",".421",".707",".299","0.0","0.2","0.0","999.0","16729"
"Christin Stewart","DET","6","27","25","6","1","0","1","3","4","2","8","0","0","0",".240",".296",".400",".696",".297","0.0","0.0","0.0","600.9","17714"
"Nick Williams","CHW","2","6","6","2","0","0","0","1","1","0","2","0","0","0",".333",".333",".333",".667",".290","0.0","0.0","0.0","999.0","14330"
"Joshua Jung","TEX","13","56","51","12","3","0","1","6","5","4","11","1","1","0",".235",".304",".353",".657",".286","0.0","0.2","0.0","999.0","sa3011468"
"Garrett Stubbs","HOU","5","18","17","4","1","0","0","2","2","1","4","0","0","0",".235",".278",".294",".572",".251","0.0","0.0","0.0","999.0","18067"
"Max Schrock","CIN","8","34","32","8","1","0","1","4","3","2","6","0","0","0",".250",".294",".375",".669",".287","0.0","0.0","0.0","999.0","17750"
"Austin Wynns","BAL","3","13","12","3","0","0","0","1","1","1","2","0","0","0",".250",".308",".250",".558",".254","0.0","0.0","0.0","999.0","15271"
"Tyler Heineman","STL","8","31","28","7","1","0","0","3","2","2","5","0","0","0",".250",".300",".286",".586",".260","0.0","0.0","0.0","999.0","13897"
"Gavin Sheets","CHW","6","27","25","6","1","0","1","3","3","2","7","0","0","0",".240",".296",".400",".696",".297","0.0","0.0","0.0","999.0","sa829797"
"Ryan O'Hearn","KCR","18","76","68","15","4","0","3","8","10","8","21","0","0","0",".221",".303",".412",".714",".305","0.0","0.0","0.0","600.7","16442"
"Ryan Zimmerman","WSN","37","160","146","38","8","0","6","19","27","12","32","1","0","0",".260",".319",".438",".757",".320","-1.0","-0.1","0.0","600.2","4220"
"Chad Tromp","SFG","3","13","12","3","0","0","0","2","1","1","3","0","0","0",".250",".308",".250",".558",".254","0.0","0.0","0.0","600.6","16953"
"Jacob Nottingham","MIL","36","143","127","25","5","0","5","15","18","11","51","4","1","0",".197",".280",".354",".634",".275","-1.0","0.1","0.0","599.9","16448"
"Nicholas Gordon","MIN","3","14","13","3","1","0","0","1","1","1","3","0","0","0",".231",".286",".308",".593",".260","0.0","0.0","0.0","999.0","sa828662"
"Matt Adams","","13","56","52","11","2","0","3","6","11","4","18","0","0","0",".212",".268",".423",".691",".290","1.0","0.0","0.0","999.0","9393"
"Ernie Clement","CLE","2","7","7","2","0","0","0","1","0","0","1","0","0","0",".286",".286",".286",".571",".248","0.0","0.0","0.0","999.0","sa915732"
"Welington Castillo","WSN","11","44","42","10","2","0","2","4","7","2","13","0","0","0",".238",".273",".429",".701",".293","-1.0","0.0","0.0","999.0","3256"
"Owen Miller","CLE","3","14","13","3","1","0","0","2","1","1","2","0","0","0",".231",".286",".308",".593",".260","0.0","0.0","0.0","601.0","sa3006673"
"Travis Jankowski","PHI","3","13","12","3","0","0","0","2","1","1","3","0","1","0",".250",".308",".250",".558",".254","0.0","0.2","0.0","999.0","13768"
"Luis Barrera","OAK","15","62","59","14","2","1","1","6","5","3","15","0","2","1",".237",".274",".356",".630",".269","0.0","-0.1","0.0","999.0","sa736690"
"Jordy Mercer","WSN","5","20","19","5","1","0","0","2","2","1","4","0","0","0",".263",".300",".316",".616",".269","0.0","0.0","0.0","999.0","6547"
"Brandon Drury","NYM","3","14","13","3","1","0","0","1","1","1","4","0","0","0",".231",".286",".308",".593",".260","0.0","0.0","0.0","999.0","11615"
"Daz Cameron","DET","16","69","63","14","3","1","1","7","6","5","21","1","2","1",".222",".290",".349",".639",".277","0.0","-0.1","0.0","600.6","18353"
"Kyle Garlick","MIN","6","28","26","6","1","0","1","3","4","2","9","0","0","0",".231",".286",".385",".670",".286","0.0","0.0","0.0","999.0","18063"
"Sam Haggerty","SEA","19","85","74","15","4","1","1","9","6","9","27","1","5","1",".203",".298",".324",".622",".275","-1.0","0.5","0.0","601.0","18054"
"Bubba Starling","KCR","3","14","13","3","1","0","0","1","1","1","4","0","0","0",".231",".286",".308",".593",".260","0.0","0.0","0.0","999.0","13356"
"Matt Reynolds","CHW","2","7","6","1","0","0","0","1","1","1","2","0","0","0",".167",".286",".167",".452",".223","0.0","0.0","0.0","999.0","13788"
"Kramer Robertson","STL","2","7","6","1","0","0","0","1","0","1","1","0","0","0",".167",".286",".167",".452",".223","0.0","0.0","0.0","999.0","sa857820"
"Jose Martinez","NYM","11","49","45","11","2","0","1","5","6","4","11","0","0","0",".244",".306",".356",".662",".288","0.0","0.0","0.0","600.5","7996"
"Scott Schebler","LAA","2","7","6","1","0","0","0","1","1","1","2","0","0","0",".167",".286",".167",".452",".223","0.0","0.0","0.0","999.0","12225"
"Hernan Perez","WSN","3","14","13","3","1","0","0","2","2","1","3","0","0","0",".231",".286",".308",".593",".260","0.0","0.0","0.0","999.0","5751"
"Gregory Deichmann","OAK","3","14","13","3","1","0","0","1","1","1","4","0","0","0",".231",".286",".308",".593",".260","0.0","0.0","0.0","999.0","sa3004977"
"Eric Sogard","CHC","29","126","112","27","6","0","1","13","9","12","19","1","1","0",".241",".317",".321",".639",".280","0.0","0.1","0.0","600.8","7927"
"DJ Peters","LAD","2","7","6","1","0","0","0","1","1","1","3","0","0","0",".167",".286",".167",".452",".223","0.0","0.0","0.0","999.0","sa829712"
"Ryan McKenna","BAL","5","21","19","4","1","0","0","2","2","2","5","0","1","0",".211",".286",".263",".549",".248","0.0","0.2","0.0","999.0","sa875055"
"Jed Lowrie","OAK","31","133","120","28","6","0","2","13","13","11","26","1","0","0",".233",".301",".333",".634",".277","-1.0","-0.1","0.0","600.8","4418"
"Jason Vosler","SFG","2","7","6","1","0","0","0","1","1","1","2","0","0","0",".167",".286",".167",".452",".223","0.0","0.0","0.0","999.0","sa829190"
"Chris Owings","COL","21","90","84","21","4","0","3","11","11","6","25","0","3","1",".250",".300",".405",".705",".300","0.0","0.1","0.0","600.2","10030"
"Rodolfo Castro","PIT","8","34","32","7","2","0","1","3","3","2","11","0","0","0",".219",".265",".375",".640",".272","0.0","0.0","0.0","999.0","sa917362"
"Thairo Estrada","NYY","15","62","59","14","2","0","1","7","6","2","15","1","1","0",".237",".274",".322",".596",".259","0.0","0.2","0.0","999.0","16426"
"Yermin Mercedes","CHW","2","5","5","1","0","0","0","1","1","0","1","0","0","0",".200",".200",".200",".400",".174","0.0","0.0","0.0","599.7","17423"
"Edwin Encarnacion","","45","196","172","35","6","0","11","26","32","19","53","4","0","0",".203",".296",".430",".726",".308","0.0","-0.1","0.0","591.1","2151"
"Marcus Wilson","BOS","2","7","6","1","0","0","0","1","1","1","3","0","0","0",".167",".286",".167",".452",".223","0.0","0.0","0.0","999.0","sa828703"
"Mark Mathias","MIL","2","7","6","1","0","0","0","1","1","1","2","0","0","0",".167",".286",".167",".452",".223","0.0","0.0","0.0","999.0","18032"
"Cameron Maybin","CHC","26","112","100","24","6","0","2","13","9","11","28","1","4","2",".240",".321",".360",".681",".298","0.0","-0.1","0.0","999.0","5223"
"Jose Peraza","NYM","5","21","20","5","1","0","0","2","2","1","3","0","0","0",".250",".286",".300",".586",".256","0.0","0.0","0.0","999.0","13593"
"Steven Duggar","SFG","19","83","77","18","4","1","1","9","8","6","25","0","2","1",".234",".289",".351",".640",".276","0.0","-0.1","0.0","999.0","17719"
"Skye Bolt","OAK","2","7","6","1","0","0","0","1","1","1","2","0","0","0",".167",".286",".167",".452",".223","0.0","0.0","0.0","999.0","17723"
"Ronnie Dawson","HOU","6","27","25","5","1","0","1","3","3","2","10","0","1","1",".200",".259",".360",".619",".265","0.0","-0.2","0.0","999.0","sa873674"
"Jose Briceno","COL","13","50","48","11","2","0","2","5","6","2","13","0","1","0",".229",".260",".396",".656",".276","0.0","0.2","0.0","999.0","13151"
"Tyrone Taylor","MIL","6","28","26","6","1","0","1","3","3","2","7","0","0","0",".231",".286",".385",".670",".286","0.0","0.0","0.0","600.6","13675"
"Tres Barrera","WSN","2","5","5","1","0","0","0","1","1","0","1","0","0","0",".200",".200",".200",".400",".174","0.0","0.0","0.0","999.0","19977"
"Tim Beckham","CHW","8","34","32","8","1","0","1","4","5","2","10","0","0","0",".250",".294",".375",".669",".287","-1.0","0.0","0.0","999.0","7949"
"Jesus Sanchez","MIA","2","7","6","1","0","0","0","1","1","1","2","0","0","0",".167",".286",".167",".452",".223","0.0","0.0","0.0","600.6","19913"
"Khalil Lee","NYM","2","7","6","1","0","0","0","1","1","1","2","0","0","0",".167",".286",".167",".452",".223","0.0","0.0","0.0","601.0","sa917996"
"Zach Reks","LAD","2","7","6","1","0","0","0","1","1","1","2","0","0","0",".167",".286",".167",".452",".223","0.0","0.0","0.0","999.0","sa3004166"
"Taylor Jones","HOU","2","7","6","1","0","0","0","1","1","1","2","0","0","0",".167",".286",".167",".452",".223","0.0","0.0","0.0","999.0","19533"
"Jorge Ona","SDP","2","7","6","1","0","0","0","1","1","1","2","0","0","0",".167",".286",".167",".452",".223","0.0","0.0","0.0","999.0","20040"
"Tyler Nevin","BAL","2","7","6","1","0","0","0","1","1","1","2","0","0","0",".167",".286",".167",".452",".223","0.0","0.0","0.0","999.0","sa874752"
"Phillip Ervin","ATL","2","7","6","1","0","0","0","1","1","1","2","0","0","0",".167",".286",".167",".452",".223","0.0","0.0","0.0","999.0","14738"
"Will Craig","PIT","2","7","6","1","0","0","0","1","1","1","2","0","0","0",".167",".286",".167",".452",".223","0.0","0.0","-0.1","999.0","19267"
"Alex Jackson","ATL","32","129","117","23","5","0","6","14","18","7","50","4","0","0",".197",".264",".393",".657",".275","-1.0","0.0","-0.1","599.4","17276"
"Mark Payton","CIN","3","14","13","3","1","0","0","2","2","1","3","0","0","0",".231",".286",".308",".593",".260","0.0","0.0","-0.1","999.0","16042"
"Tyler Naquin","CIN","3","14","13","3","1","0","0","2","2","1","4","0","0","0",".231",".286",".308",".593",".260","0.0","0.0","-0.1","600.6","13359"
"Jorge Mateo","SDP","21","90","85","18","4","2","2","9","10","4","29","1","4","2",".212",".256",".376",".632",".266","0.0","-0.1","-0.1","600.7","17273"
"Kyle Holder","CIN","34","147","134","31","6","1","3","14","11","9","28","1","2","1",".231",".285",".358",".643",".277","0.0","-0.1","-0.1","599.9","sa857840"
"Aristides Aquino","CIN","36","154","140","31","5","1","8","19","26","11","49","2","2","1",".221",".286",".443",".729",".302","0.0","-0.1","-0.1","587.0","15482"
"Sandy Leon","MIA","15","57","52","9","2","0","1","5","5","5","15","0","0","0",".173",".246",".269",".515",".229","1.0","0.0","-0.1","999.0","5273"
"Matt Joyce","PHI","28","119","102","24","4","0","3","15","13","16","29","0","0","0",".235",".336",".363",".699",".307","-1.0","-0.1","-0.1","600.1","3353"
"Matt Wieters","","24","96","86","18","3","0","2","8","11","7","23","1","0","0",".209",".274",".314",".588",".257","0.0","0.0","-0.1","999.0","4298"
"Seby Zavala","CHW","2","6","6","1","0","0","0","1","1","0","2","0","0","0",".167",".167",".167",".333",".145","0.0","0.0","-0.1","999.0","18887"
"Donnie Walton","SEA","6","27","25","6","1","0","0","3","2","2","5","0","0","1",".240",".296",".280",".576",".257","0.0","-0.5","-0.1","999.0","19314"
"Kelvin Gutierrez","KCR","6","28","26","6","1","0","0","3","2","2","7","0","1","0",".231",".286",".269",".555",".248","0.0","0.2","-0.1","999.0","17468"
"William Contreras","ATL","16","63","60","14","3","0","1","6","6","3","17","0","0","0",".233",".270",".333",".603",".260","0.0","0.0","-0.1","597.5","20503"
"Nick Heath","KCR","5","21","19","4","1","0","0","2","1","2","7","0","2","1",".211",".286",".263",".549",".248","0.0","0.0","-0.1","999.0","19577"
"Chris Herrmann","BOS","5","19","17","3","1","0","0","2","2","2","6","0","0","0",".176",".263",".235",".498",".228","0.0","0.0","-0.1","999.0","9284"
"Blaze Tom","OAK","49","210","189","42","9","2","6","24","24","17","57","2","3","2",".222",".290",".386",".677",".286","0.0","-0.4","-0.1","999.0","sa875069"
"Alexander De Goti","HOU","2","6","6","1","0","0","0","1","1","0","2","0","0","0",".167",".167",".167",".333",".145","0.0","0.0","-0.1","999.0","sa919320"
"Andrew Velazquez","NYY","2","6","6","1","0","0","0","1","1","0","2","0","0","0",".167",".167",".167",".333",".145","0.0","0.0","-0.1","999.0","14196"
"Derek Hill","DET","2","6","6","1","0","0","0","1","1","0","2","0","0","0",".167",".167",".167",".333",".145","0.0","0.0","-0.1","999.0","16947"
"Deivy Grullon","CIN","6","25","23","5","1","0","1","3","4","2","9","0","0","0",".217",".280",".391",".671",".286","-1.0","0.0","-0.1","598.5","15988"
"Santiago Espinal","TOR","6","28","26","6","1","0","0","3","2","2","5","0","0","0",".231",".286",".269",".555",".248","0.0","0.0","-0.1","999.0","19997"
"Lucas Raley","LAD","3","14","13","3","0","0","0","2","2","1","5","0","0","0",".231",".286",".231",".516",".236","0.0","0.0","-0.1","999.0","sa918048"
"Jaylin Davis","SFG","3","14","13","3","0","0","0","2","1","1","5","0","0","0",".231",".286",".231",".516",".236","0.0","0.0","-0.1","999.0","19552"
"Jon Jay","LAA","8","35","32","8","1","0","0","4","2","2","7","1","0","0",".250",".314",".281",".596",".269","0.0","0.0","-0.1","999.0","5227"
"Daniel Johnson Jr.","CLE","50","217","199","47","9","2","6","24","22","14","59","3","5","3",".236",".295",".392",".687",".291","1.0","-0.4","-0.1","598.4","19643"
"Luke Maile","MIL","6","26","24","5","1","0","0","2","2","2","6","0","0","0",".208",".269",".250",".519",".234","0.0","0.0","-0.1","999.0","13355"
"Justin Williams","STL","39","168","155","38","7","0","5","18","18","11","43","1","2","1",".245",".298",".387",".685",".292","0.0","-0.1","-0.1","999.0","15490"
"LaMonte Wade Jr.","SFG","8","34","30","7","1","0","0","4","2","4","6","0","0","0",".233",".324",".267",".590",".270","0.0","0.0","-0.1","999.0","18126"
"Caleb Joseph","NYM","3","13","12","2","0","0","0","1","1","1","4","0","0","0",".167",".231",".167",".397",".187","0.0","0.0","-0.1","999.0","7087"
"Scott Heineman","CIN","2","6","6","1","0","0","0","1","1","0","2","0","0","0",".167",".167",".167",".333",".145","0.0","0.0","-0.1","999.0","14453"
"Anthony Alford","PIT","75","321","292","64","14","2","8","37","29","23","98","4","17","4",".219",".284",".363",".647",".279","-1.0","1.5","-0.1","582.3","14329"
"Luis Gonzalez","CHW","5","20","19","4","1","0","0","2","2","1","5","0","0","0",".211",".250",".263",".513",".226","0.0","0.0","-0.1","999.0","20332"
"Kevin Smith","TOR","2","7","7","1","0","0","0","1","1","0","2","0","0","0",".143",".143",".143",".286",".124","0.0","0.0","-0.1","999.0","sa915864"
"Jose Siri","HOU","10","42","39","8","1","0","1","4","4","3","17","0","2","1",".205",".262",".308",".570",".249","0.0","-0.1","-0.1","999.0","sa736940"
"Seth Brown","OAK","18","77","71","16","3","0","3","9","10","5","25","0","1","0",".225",".273",".394",".667",".281","0.0","0.2","-0.1","601.0","18171"
"Estevan Florial","NYY","2","7","7","1","0","0","0","1","1","0","3","0","0","0",".143",".143",".143",".286",".124","0.0","0.0","-0.1","999.0","19151"
"Michael Reed","OAK","16","69","64","12","2","1","2","6","7","5","27","0","3","1",".188",".246",".344",".590",".252","0.0","0.1","-0.1","999.0","sa738683"
"Jose Marmolejos","SEA","16","70","65","15","3","0","2","8","8","5","18","0","0","0",".231",".286",".369",".655",".281","0.0","0.0","-0.1","595.0","15767"
"Blake Rutherford","CHW","2","7","7","1","0","0","0","1","1","0","2","0","0","0",".143",".143",".143",".286",".124","0.0","0.0","-0.1","999.0","sa917932"
"Neil Walker","","13","55","50","12","2","0","1","6","6","5","13","0","0","0",".240",".309",".340",".649",".285","-1.0","0.0","-0.1","999.0","7539"
"Joshua Palacios","TOR","11","48","44","9","2","0","1","5","4","4","14","0","1","1",".205",".271",".318",".589",".257","0.0","-0.3","-0.1","999.0","sa829562"
"Josh Harrison","WSN","49","210","190","47","8","1","4","23","23","11","36","6","3","2",".247",".306",".363",".669",".289","-1.0","-0.4","-0.1","594.6","8202"
"Andrew Vaughn","CHW","94","407","362","85","21","0","10","45","41","31","86","11","0","2",".235",".312",".376",".688",".298","1.0","-1.1","-0.1","236.5","sa3011226"
"Stuart Fairchild","ARI","11","49","44","9","2","0","1","5","4","4","13","1","1","1",".205",".286",".318",".604",".267","0.0","-0.3","-0.1","999.0","sa829822"
"Mickey Moniak","PHI","13","56","52","12","2","1","1","6","6","4","15","0","1","0",".231",".286",".365",".651",".279","-1.0","0.2","-0.1","999.0","19956"
"Dee Gordon","CIN","32","140","131","36","4","2","1","17","8","5","20","2","7","3",".275",".309",".359",".668",".288","-1.0","0.0","-0.1","570.4","8203"
"Jake Fraley","SEA","42","182","166","37","9","2","5","20","19","11","51","3","7","4",".223",".280",".392",".672",".284","0.0","-0.4","-0.1","600.0","19260"
"Drew Butera","TEX","10","38","34","6","2","0","1","4","3","3","11","0","0","0",".176",".237",".324",".560",".238","0.0","0.0","-0.1","999.0","3411"
"Yusniel Diaz","BAL","63","273","247","60","11","3","8","32","32","24","64","1","2","5",".243",".311",".409",".720",".306","-2.0","-1.9","-0.1","999.0","sa912848"
"Jeffrey Bleday","MIA","8","35","33","7","1","0","1","3","3","2","9","0","0","0",".212",".257",".333",".590",".254","0.0","0.0","-0.1","999.0","sa3011642"
"Jeff Mathis","PHI","8","32","30","5","1","0","1","2","3","2","12","0","0","0",".167",".219",".300",".519",".223","0.0","0.0","-0.1","999.0","3448"
"Cole Tucker","PIT","73","315","286","65","13","3","4","37","24","23","75","2","7","2",".227",".288",".336",".623",".269","0.0","0.4","-0.1","599.0","17326"
"Magneuris Sierra","MIA","21","91","85","20","3","1","1","9","7","4","18","1","4","2",".235",".278",".329",".607",".263","0.0","-0.1","-0.1","600.5","17023"
"Keon Broxton","MIN","10","42","38","7","1","0","1","5","4","4","18","0","2","1",".184",".262",".289",".551",".244","0.0","-0.1","-0.1","999.0","9253"
"Connor Chatham","PHI","6","28","27","6","1","0","0","2","2","1","6","0","0","0",".222",".250",".259",".509",".223","0.0","0.0","-0.1","999.0","sa873984"
"Roman Quinn","PHI","41","175","159","36","5","3","3","20","14","12","55","2","14","2",".226",".289",".352",".641",".277","-2.0","1.8","-0.1","564.7","13546"
"Jared Oliva","PIT","21","91","82","18","3","1","1","9","6","6","25","1","5","1",".220",".278",".317",".595",".259","0.0","0.5","-0.1","999.0","19968"
"Brian Goodwin","PIT","53","232","207","47","13","1","7","26","24","20","68","2","5","1",".227",".299",".401",".700",".296","-1.0","0.5","-0.1","599.4","12858"
"Beau Taylor","CLE","16","63","56","11","2","0","1","6","5","7","20","0","0","0",".196",".286",".286",".571",".257","-1.0","0.0","-0.1","999.0","12384"
"Micker Adolfo","CHW","6","28","25","4","1","0","1","3","3","2","12","1","0","1",".160",".250",".320",".570",".250","0.0","-0.4","-0.1","999.0","sa830303"
"Josh VanMeter","ARI","34","147","130","29","8","1","4","17","17","15","36","1","3","1",".223",".306",".392",".698",".299","-1.0","0.1","-0.1","600.4","15170"
"Dexter Fowler","LAA","107","462","404","92","17","2","14","56","62","49","122","6","6","3",".228",".318",".384",".702",".303","-5.0","-0.4","-0.1","585.7","4062"
"Darin Ruf","SFG","37","162","146","34","7","0","5","17","21","13","42","2","1","0",".233",".302",".384",".686",".292","-1.0","0.1","-0.2","600.2","9929"
"Erik Gonzalez","PIT","31","132","125","30","7","1","2","12","11","5","34","0","2","2",".240",".267",".360",".627",".265","0.0","-0.5","-0.2","590.2","13369"
"Harold Ramirez","CLE","16","69","65","17","3","0","1","8","7","3","14","1","1","0",".262",".304",".354",".658",".285","-1.0","0.2","-0.2","999.0","14387"
"Logan Forsythe","","23","99","86","18","4","0","1","9","7","11","27","1","1","0",".209",".303",".291",".594",".267","-1.0","0.1","-0.2","999.0","7185"
"Stephen Vogt","ARI","47","186","169","38","12","1","5","17","24","15","41","0","1","0",".225",".285",".396",".681",".288","-5.0","0.1","-0.2","597.5","5000"
"Elias Diaz","COL","92","365","338","90","17","0","6","35","41","24","61","1","1","0",".266",".315",".370",".685",".296","-4.0","0.0","-0.2","409.9","11680"
"Lewin Diaz","MIA","18","78","72","16","3","0","2","7","8","4","19","1","0","0",".222",".269",".347",".616",".258","1.0","0.0","-0.2","999.0","18365"
"Edward Olivares","KCR","39","167","156","38","6","2","4","18","16","8","38","2","5","3",".244",".287",".385",".672",".286","0.0","-0.4","-0.2","570.1","19698"
"Jose Trevino","TEX","91","360","340","77","19","0","6","36","32","13","64","1","1","0",".226",".254",".335",".589",".250","5.0","0.1","-0.2","541.5","16725"
"Bret Boswell","COL","13","55","52","11","2","0","2","6","6","3","19","0","1","1",".212",".255",".365",".620",".263","0.0","-0.3","-0.2","999.0","sa918769"
"Albert Almora Jr.","NYM","44","188","174","41","7","1","4","21","17","10","35","1","2","1",".236",".280",".356",".636",".270","-1.0","-0.1","-0.2","600.4","14109"
"Willie Calhoun","TEX","115","498","457","116","22","3","19","56","68","34","76","4","2","1",".254",".309",".440",".749",".314","-5.0","-0.3","-0.2","423.4","17838"
"Lewis Brinson","MIA","44","188","173","36","7","2","5","19","20","12","57","2","5","1",".208",".266",".358",".624",".264","-1.0","0.5","-0.3","590.0","14352"
"Heliot Ramos","SFG","36","154","140","31","6","1","5","16","17","11","52","2","2","4",".221",".286",".386",".671",".286","-2.0","-1.4","-0.3","999.0","sa3004693"
"Charlie Culberson","TEX","39","169","157","37","7","1","4","17","16","9","47","1","1","1",".236",".280",".369",".649",".274","2.0","-0.3","-0.3","999.0","3298"
"Eli White","TEX","44","189","172","38","8","1","3","20","15","13","55","3","4","2",".221",".286",".331",".617",".269","-1.0","-0.2","-0.3","999.0","19346"
"Taylor Trammell","SEA","65","281","247","51","6","2","5","29","20","29","79","3","10","5",".206",".295",".308",".603",".268","2.0","-0.3","-0.3","999.0","sa917943"
"Matt Kemp","","40","175","161","43","6","0","8","20","30","13","44","0","0","0",".267",".320",".453",".773",".324","-4.0","-0.1","-0.4","999.0","5631"
"Jose  Garcia","CIN","36","154","145","32","6","1","2","14","12","5","40","3","4","2",".221",".260",".317",".577",".249","0.0","-0.1","-0.4","594.3","23378"
"Gregory Polanco","PIT","113","490","439","95","23","2","18","52","62","44","139","2","10","2",".216",".288",".401",".689",".290","-1.0","0.9","-0.4","444.0","12907"
"Josh Fuentes","COL","102","441","415","111","24","4","11","53","53","16","115","4","4","2",".267",".298",".424",".723",".303","6.0","-0.3","-0.5","554.9","16885"
"Miguel Cabrera","DET","143","617","556","142","17","0","20","55","82","53","129","3","1","0",".255",".321",".394",".715",".305","0.0","-0.1","-0.5","538.3","1744"
"Akil Baddoo","DET","32","140","127","26","4","2","3","15","11","11","38","1","5","3",".205",".271",".339",".610",".263","-3.0","-0.4","-0.5","999.0","sa917953"
"Trayce Thompson","ARI","26","111","104","19","4","1","4","12","12","7","41","0","2","1",".183",".234",".356",".590",".249","-2.0","-0.1","-0.6","999.0","9952"
"Jahmai Jones","BAL","66","288","264","59","9","2","5","28","20","19","69","2","4","5",".223",".279",".330",".608",".264","-2.0","-1.5","-0.7","600.5","18872"
"Sam Hilliard","COL","105","456","415","96","16","4","19","57","51","36","160","2","17","7",".231",".295",".427",".721",".303","0.0","0.1","-0.8","338.8","17954"
"Chris Davis","BAL","39","167","150","27","5","0","5","14","18","15","62","1","0","0",".180",".257",".313",".571",".249","0.0","-0.1","-0.8","600.3","9272"
"Evan White","SEA","146","630","577","121","21","3","23","66","79","45","212","4","3","4",".210",".270",".376",".646",".275","3.0","-1.4","-1.0","488.7","20078"
"Albert Pujols","LAA","84","364","337","76","14","0","12","31","58","21","53","2","1","0",".226",".272",".374",".646",".272","-2.0","0.0","-1.1","578.7","1177"
